State,County,NativeAmerPerc
SD,Shannon County,92.2
AK,Wade Hampton Census Area,91.7
SD,Todd County,86.2
WI,Menominee County,82.2
AK,Bethel Census Area,81.7
ND,Sioux County,81.7
AK,Northwest Arctic Borough,78.8
SD,Buffalo County,78.7
NM,McKinley County,76.8
ND,Rolette County,76.4
AK,Nome Census Area,74.5
AZ,Apache County,73.5
SD,Dewey County,72.8
SD,Ziebach County,71.2
AK,Yukon-Koyukuk Census Area,70.7
AK,Dillingham Census Area,70.4
MT,Big Horn County,64.4
SD,Corson County,64
AK,Lake and Peninsula Borough,63.4
MT,Glacier County,62.6
SD,Bennett County,58.8
MT,Roosevelt County,58
NE,Thurston County,56.4
ND,Benson County,54.4
SD,Mellette County,52.4
AK,North Slope Borough,52.1
SD,Jackson County,51.9
MT,Blaine County,49
UT,San Juan County,46.6
AZ,Navajo County,44.9
OK,Adair County,44
AK,Prince of Wales-Hyder Census Area,42.4
MN,Mahnomen County,41.7
NM,Cibola County,41.7
NC,Robeson County,39.7
AK,Hoonah-Angoon Census Area,39.5
NM,San Juan County,38.8
SD,Lyman County,38.3
SD,Roberts County,36.6
MT,Rosebud County,36.3
AK,Yakutat City and Borough,36.1
AK,Bristol Bay Borough,35.2
OK,Cherokee County,34.9
SD,Charles Mix County,32.4
NC,Swain County,27.9
AZ,Coconino County,27.3
ND,Mountrail County,27.2
OK,Caddo County,25.4
CA,Alpine County,24.7
MT,Lake County,23.6
OK,Delaware County,23.3
MT,Hill County,22.7
OK,Mayes County,21.7
OK,Sequoyah County,21.3
WY,Fremont County,21.2
OK,Latimer County,21.2
MN,Beltrami County,21
MT,Chouteau County,20.6
AK,Aleutians East Borough,20.5
OK,Okfuskee County,20.5
OK,Craig County,20.1
OK,Ottawa County,19.5
OK,Hughes County,19.3
OK,Nowata County,19.1
OK,Seminole County,19.1
OR,Jefferson County,19
OK,Muskogee County,18.7
OK,McIntosh County,18.2
OK,Pontotoc County,18.2
NM,Rio Arriba County,18.1
AZ,La Paz County,17.8
OK,Coal County,17.6
MI,Mackinac County,17.4
OK,Pushmataha County,17.4
WI,Sawyer County,17.2
OK,Choctaw County,17.1
AK,Wrangell City and Borough,16.9
WA,Ferry County,16.9
NV,Mineral County,16.9
OK,Okmulgee County,16.8
AZ,Gila County,16.5
OK,Haskell County,16.4
MS,Neshoba County,16.4
AK,Sitka City and Borough,15.9
OK,McCurtain County,15.9
OK,Johnston County,15.9
MI,Chippewa County,15.6
OK,Osage County,14.7
OK,Pittsburg County,14.6
MT,Pondera County,14.5
WI,Forest County,14.3
OK,Atoka County,14.3
ND,McKenzie County,14.1
SD,Tripp County,14
AZ,Graham County,14
AK,Ketchikan Gateway Borough,13.8
MI,Baraga County,13.7
NM,Sandoval County,13.7
SD,Walworth County,13.6
AK,Valdez-Cordova Census Area,13.5
OK,Bryan County,13.5
SD,Moody County,13.4
NM,Socorro County,13.3
OK,Le Flore County,13.3
OK,Pawnee County,13.3
OK,Pottawatomie County,13.2
OK,Rogers County,13.2
OK,Murray County,13
CO,Montezuma County,13
AK,Kodiak Island Borough,13
AK,Aleutians West Census Area,13
CA,Inyo County,12.8
WA,Okanogan County,12.6
MN,Cass County,12
AK,Juneau City and Borough,11.9
AK,Southeast Fairbanks Census Area,11.6
NC,Scotland County,11.4
WI,Ashland County,11.3
WI,Vilas County,11.3
SD,Hughes County,11
OK,Marshall County,10.6
OK,Cotton County,10.6
OK,Washington County,10.6
OK,Kay County,10.4
AK,Haines Borough,10.4
OK,Creek County,10.4
OK,Blaine County,10.3
NE,Sheridan County,10.3
OK,Wagoner County,10.3
WI,Bayfield County,10.2
SD,Pennington County,10
AK,Petersburg Borough,9.8
NE,Knox County,9.8
ND,Dunn County,9.7
MN,Clearwater County,9.7
NC,Jackson County,9.6
OK,Carter County,9.5
NC,Hoke County,9.5
MT,Valley County,9.4
SD,Marshall County,9.3
KS,Brown County,9.3
SD,Brule County,9.2
SD,Hyde County,9.2
MI,Schoolcraft County,9.1
OK,Noble County,9.1
MN,Cook County,9
CA,Del Norte County,9
ND,Ramsey County,8.9
SD,Day County,8.8
LA,Sabine Parish,8.7
OK,Garvin County,8.6
ID,Benewah County,8.5
KS,Jackson County,8.5
MT,Phillips County,8.4
AK,Anchorage Municipality,8.2
WI,Shawano County,8
IA,Tama County,8
MN,Becker County,7.9
AL,Washington County,7.9
NY,Franklin County,7.8
UT,Uintah County,7.7
SD,Stanley County,7.7
SD,Gregory County,7.6
OK,Love County,7.5
ID,Bingham County,7.5
NM,Taos County,7.4
OK,Kiowa County,7.4
SD,Bon Homme County,7.4
NC,Graham County,7.4
AK,Kenai Peninsula Borough,7.3
NM,Otero County,7.3
AK,Fairbanks North Star Borough,7.3
OK,Custer County,7.2
VA,Charles City County,7.2
ND,McLean County,7.2
WI,Jackson County,7.1
OK,Lincoln County,7
OK,Jefferson County,7
SD,Fall River County,7
CO,La Plata County,6.8
AZ,Pinal County,6.8
OK,McClain County,6.7
MS,Leake County,6.7
OK,Tulsa County,6.7
OK,Roger Mills County,6.6
AK,Matanuska-Susitna Borough,6.4
CA,Mendocino County,6.3
OK,Comanche County,6.3
CA,Humboldt County,6.2
NV,Elko County,6.1
OK,Grady County,6
MN,Mille Lacs County,6
ID,Lewis County,6
WA,Yakima County,6
MN,Carlton County,6
OK,Dewey County,5.9
AL,Lawrence County,5.8
ID,Nez Perce County,5.8
NM,Bernalillo County,5.8
WA,Stevens County,5.8
LA,Terrebonne Parish,5.7
NM,Valencia County,5.6
CO,Costilla County,5.6
MT,Toole County,5.6
FL,Glades County,5.6
NE,Cherry County,5.6
WA,Clallam County,5.6
NV,Lander County,5.6
OK,Stephens County,5.6
NC,Warren County,5.5
CO,Alamosa County,5.5
WA,Grays Harbor County,5.4
CO,Huerfano County,5.4
OK,Payne County,5.3
CA,Trinity County,5.3
NV,Churchill County,5.2
ME,Washington County,5.2
KS,Chautauqua County,5.1
OK,Cleveland County,5.1
CA,Modoc County,5.1
MI,Luce County,5
MN,Redwood County,5
OK,Canadian County,5
WA,Adams County,5
AK,Skagway Municipality,5
NV,Humboldt County,5
MS,Newton County,4.9
NV,Esmeralda County,4.9
WI,Burnett County,4.8
MN,Traverse County,4.8
SC,Marlboro County,4.7
CA,Siskiyou County,4.7
OR,Klamath County,4.7
NV,White Pine County,4.7
MT,Cascade County,4.6
MT,Powell County,4.6
UT,Duchesne County,4.6
MT,Sanders County,4.5
ID,Owyhee County,4.5
CA,Madera County,4.5
WA,Mason County,4.5
ND,Pierce County,4.5
MT,Yellowstone County,4.5
ND,Eddy County,4.5
NV,Pershing County,4.4
UT,Grand County,4.4
AZ,Pima County,4.3
OR,Umatilla County,4.3
OR,Wasco County,4.2
CA,Lassen County,4.2
OK,Oklahoma County,4.2
NE,Dawes County,4.1
CA,Lake County,4.1
NE,Box Butte County,4.1
OK,Alfalfa County,4.1
NM,Santa Fe County,4.1
ND,Burleigh County,4.1
OK,Tillman County,4.1
NC,Halifax County,4
NM,Torrance County,4
KS,Cherokee County,4
MI,Alger County,4
WA,Pend Oreille County,4
OK,Kingfisher County,4
OR,Lincoln County,4
OK,Washita County,3.9
OR,Harney County,3.9
ND,Morton County,3.9
ND,Williams County,3.9
NM,Lincoln County,3.8
MN,Itasca County,3.8
MI,Emmet County,3.8
NE,Dakota County,3.8
MI,Isabella County,3.8
CO,Conejos County,3.7
AK,Denali Borough,3.7
ID,Bannock County,3.7
CO,Dolores County,3.6
SD,Jones County,3.6
MI,Leelanau County,3.6
CO,Otero County,3.6
MT,Deer Lodge County,3.5
MS,Kemper County,3.5
NC,Columbus County,3.5
CO,Las Animas County,3.5
ND,Towner County,3.5
OK,Greer County,3.5
TX,Loving County,3.5
OK,Logan County,3.5
OK,Beckham County,3.4
CA,Tehama County,3.4
OK,Woodward County,3.4
CO,Crowley County,3.4
MN,Yellow Medicine County,3.4
AL,Escambia County,3.4
KS,Montgomery County,3.4
CA,Mariposa County,3.4
SD,Custer County,3.4
SD,Brown County,3.3
NM,Mora County,3.3
CO,Archuleta County,3.3
NY,Cattaraugus County,3.3
AR,Sevier County,3.3
NE,Richardson County,3.3
CO,Rio Grande County,3.3
NE,Colfax County,3.3
AZ,Greenlee County,3.3
NM,Catron County,3.3
CO,Bent County,3.2
NV,Lyon County,3.2
CA,Plumas County,3.2
MN,Pine County,3.2
WA,Whatcom County,3.2
ND,Oliver County,3.1
ID,Power County,3.1
CA,Shasta County,3.1
GA,Echols County,3.1
NC,Sampson County,3.1
WI,Brown County,3.1
WA,Pacific County,3.1
MO,McDonald County,3.1
CA,San Benito County,3.1
NM,San Miguel County,3.1
NC,Richmond County,3.1
TX,Culberson County,3.1
OK,Garfield County,3.1
SD,Yankton County,3
CO,Pueblo County,3
CA,Kings County,3
SD,Clay County,3
CO,Saguache County,3
ID,Idaho County,3
NE,Scotts Bluff County,3
OK,Major County,3
NM,Union County,3
MI,Cheboygan County,3
CA,Yuba County,3
CA,Fresno County,3
NV,Eureka County,2.9
LA,Lafourche Parish,2.9
CA,Glenn County,2.9
OR,Coos County,2.9
MT,Missoula County,2.9
TX,Upton County,2.9
NY,Bronx County,2.9
ND,Hettinger County,2.9
CA,Mono County,2.9
OK,Woods County,2.9
NC,Bladen County,2.9
AZ,Mohave County,2.9
MN,Aitkin County,2.8
AZ,Maricopa County,2.8
ND,Grand Forks County,2.8
WA,Klickitat County,2.8
SC,Dillon County,2.8
CA,Tulare County,2.8
MI,Menominee County,2.8
SD,Davison County,2.8
SD,Meade County,2.8
OK,Ellis County,2.8
TX,Terrell County,2.8
NM,Guadalupe County,2.8
KS,Douglas County,2.7
MI,Gogebic County,2.7
NV,Carson City,2.7
WA,Skagit County,2.7
TX,Bailey County,2.7
SD,Minnehaha County,2.7
CA,Monterey County,2.7
ND,Richland County,2.7
CA,Kern County,2.6
IA,Woodbury County,2.6
NM,Colfax County,2.6
CO,Lake County,2.6
CA,Imperial County,2.6
OR,Marion County,2.6
CA,Colusa County,2.6
OK,Jackson County,2.5
MN,Koochiching County,2.5
MN,Hubbard County,2.5
CA,Merced County,2.5
LA,Allen Parish,2.5
ND,Bowman County,2.5
AR,Crawford County,2.5
UT,Iron County,2.5
OR,Polk County,2.5
ND,Slope County,2.5
ND,Bottineau County,2.5
OK,Grant County,2.5
NM,Quay County,2.5
ND,Ward County,2.5
MI,Delta County,2.5
CO,Gunnison County,2.5
TX,Collingsworth County,2.5
CA,Butte County,2.5
NM,Sierra County,2.5
OK,Harmon County,2.5
TX,Cochran County,2.5
ID,Jerome County,2.4
MO,Newton County,2.4
ND,Mercer County,2.4
SD,Douglas County,2.4
TX,Titus County,2.4
UT,Garfield County,2.4
NM,Eddy County,2.4
KS,Cowley County,2.4
NM,Luna County,2.3
OR,Curry County,2.3
MN,Saint Louis County,2.3
NM,Grant County,2.3
NV,Douglas County,2.3
AR,Sebastian County,2.3
NM,Do√±a Ana County,2.3
KS,Stanton County,2.3
AR,Scott County,2.3
OR,Sherman County,2.3
KS,Grant County,2.3
CA,Sutter County,2.3
SD,Lawrence County,2.3
SD,Codington County,2.3
MN,Norman County,2.2
CA,Santa Barbara County,2.2
WA,Jefferson County,2.2
SD,Harding County,2.2
CA,Sonoma County,2.2
MN,Red Lake County,2.2
MT,Treasure County,2.2
TX,Polk County,2.2
FL,Hendry County,2.2
OR,Lake County,2.2
MI,Manistee County,2.2
ID,Minidoka County,2.2
CA,Amador County,2.2
ID,Clearwater County,2.2
AZ,Yuma County,2.2
NM,Roosevelt County,2.2
NM,Chaves County,2.2
CA,Tuolumne County,2.2
KS,Labette County,2.2
ID,Clark County,2.2
MT,Lewis and Clark County,2.2
NC,Greene County,2.2
ID,Boundary County,2.2
TX,Edwards County,2.2
MT,Silver Bow County,2.1
NM,Curry County,2.1
MT,Daniels County,2.1
CO,Adams County,2.1
WA,Grant County,2.1
OK,Beaver County,2.1
MT,Dawson County,2.1
NE,Hooker County,2.1
NE,Burt County,2.1
SD,Haakon County,2.1
TX,Hutchinson County,2.1
AL,DeKalb County,2.1
NV,Washoe County,2.1
TX,Dickens County,2.1
WA,Skamania County,2.1
TX,Lipscomb County,2.1
TX,Coke County,2.1
AZ,Yavapai County,2.1
OR,Malheur County,2
NE,Kimball County,2
CO,Baca County,2
ND,Pembina County,2
MT,Sheridan County,2
TX,Parmer County,2
MT,Custer County,2
UT,Beaver County,2
SD,Aurora County,2
AR,Polk County,2
OR,Yamhill County,2
UT,Millard County,2
NV,Nye County,2
CA,San Bernardino County,2
OR,Douglas County,2
ND,Walsh County,2
SD,Butte County,2
CO,Denver County,2
CA,San Joaquin County,2
WI,Douglas County,2
WA,Douglas County,2
NV,Storey County,2
NE,Dawson County,1.9
WA,Cowlitz County,1.9
CO,Fremont County,1.9
ND,Grant County,1.9
MT,Powder River County,1.9
CA,Calaveras County,1.9
NE,Madison County,1.9
LA,St. Mary Parish,1.9
KS,Stafford County,1.9
MI,Marquette County,1.9
NM,Lea County,1.9
AR,Benton County,1.9
SD,Sully County,1.9
ME,Aroostook County,1.9
CA,Sierra County,1.9
TX,Lynn County,1.9
AR,Little River County,1.9
WA,Lincoln County,1.9
CA,Ventura County,1.9
CA,Stanislaus County,1.9
TX,Dallam County,1.9
OK,Texas County,1.9
TX,Real County,1.9
SD,Spink County,1.9
MT,Mineral County,1.9
MT,Beaverhead County,1.9
MT,Richland County,1.9
KS,Hamilton County,1.9
TX,Crockett County,1.9
TX,Delta County,1.9
NM,De Baca County,1.9
AR,Bradley County,1.9
CA,Riverside County,1.9
MN,Pennington County,1.9
CA,Yolo County,1.8
OR,Morrow County,1.8
ID,Shoshone County,1.8
MO,Jasper County,1.8
WA,Lewis County,1.8
TX,Hamilton County,1.8
CO,Montrose County,1.8
WA,Kitsap County,1.8
ID,Gooding County,1.8
TX,Sterling County,1.8
TX,Winkler County,1.8
CA,Santa Cruz County,1.8
CO,Garfield County,1.8
WI,Outagamie County,1.8
SD,Potter County,1.8
VA,King and Queen County,1.8
CO,Prowers County,1.8
TX,Grayson County,1.8
NC,Cumberland County,1.8
TX,Lamb County,1.8
WA,Chelan County,1.8
TX,Motley County,1.7
NE,Morrill County,1.7
TX,Yoakum County,1.7
MN,Polk County,1.7
KS,Edwards County,1.7
LA,Vernon Parish,1.7
KS,Elk County,1.7
TX,Gonzales County,1.7
TX,Lamar County,1.7
ID,Lincoln County,1.7
WY,Carbon County,1.7
UT,Kane County,1.7
AR,Madison County,1.7
CO,Weld County,1.7
MT,Jefferson County,1.7
WY,Weston County,1.7
WA,Thurston County,1.7
CO,Jackson County,1.7
TX,Hansford County,1.7
WY,Washakie County,1.7
WA,Spokane County,1.7
NC,Hertford County,1.7
NC,Harnett County,1.7
SD,Perkins County,1.7
WA,Pierce County,1.7
UT,Washington County,1.7
AZ,Cochise County,1.7
LA,Plaquemines Parish,1.7
TX,Brewster County,1.7
ND,Nelson County,1.7
ID,Canyon County,1.7
TX,Deaf Smith County,1.7
OR,Wheeler County,1.7
TX,Ward County,1.7
UT,Sanpete County,1.7
TX,Bastrop County,1.7
TX,Hale County,1.7
MI,Charlevoix County,1.6
ID,Payette County,1.6
TX,Runnels County,1.6
UT,Carbon County,1.6
KS,Stevens County,1.6
WA,Columbia County,1.6
TX,Waller County,1.6
KS,Ford County,1.6
ND,Stutsman County,1.6
NJ,Cumberland County,1.6
MN,Roseau County,1.6
OR,Crook County,1.6
TX,Crane County,1.6
ID,Elmore County,1.6
CO,Logan County,1.6
WI,Juneau County,1.6
TX,Howard County,1.6
TX,Sherman County,1.6
ID,Cassia County,1.6
OK,Cimarron County,1.6
TX,Castro County,1.6
WA,Snohomish County,1.6
TX,Presidio County,1.6
OR,Tillamook County,1.6
WA,Asotin County,1.6
AL,Jackson County,1.6
MN,Clay County,1.6
NE,Hall County,1.6
TX,Cherokee County,1.6
WY,Hot Springs County,1.6
CO,Morgan County,1.6
MT,Teton County,1.6
ND,Sheridan County,1.6
TX,Caldwell County,1.5
KS,Seward County,1.5
MO,Oregon County,1.5
SC,Saluda County,1.5
TX,Wheeler County,1.5
OR,Jackson County,1.5
TX,Hockley County,1.5
KS,Doniphan County,1.5
TX,Hall County,1.5
TX,Kenedy County,1.5
KS,Greenwood County,1.5
CO,Chaffee County,1.5
MI,Oceana County,1.5
NM,Harding County,1.5
NE,Logan County,1.5
CA,Sacramento County,1.5
IA,Emmet County,1.5
TX,Moore County,1.5
OR,Linn County,1.5
OR,Multnomah County,1.5
MN,Pipestone County,1.5
ID,Washington County,1.5
MT,Broadwater County,1.5
TX,Red River County,1.5
CO,Moffat County,1.5
WA,Wahkiakum County,1.5
AR,Newton County,1.5
NJ,Passaic County,1.5
WY,Campbell County,1.5
TX,Wilbarger County,1.5
TX,King County,1.5
AL,Franklin County,1.5
UT,Sevier County,1.5
TX,Clay County,1.5
MI,Benzie County,1.5
OR,Josephine County,1.5
CO,Mesa County,1.5
TX,Mitchell County,1.5
TX,Maverick County,1.5
KS,Wilson County,1.5
CA,Los Angeles County,1.5
ID,Blaine County,1.5
CO,Rio Blanco County,1.5
AR,Washington County,1.5
KS,Kearny County,1.5
TX,Andrews County,1.5
MT,Musselshell County,1.5
TX,Ector County,1.4
TX,Cooke County,1.4
TX,Erath County,1.4
TX,Stonewall County,1.4
MT,Flathead County,1.4
MN,Stevens County,1.4
ID,Kootenai County,1.4
TX,Menard County,1.4
CA,San Luis Obispo County,1.4
CO,San Miguel County,1.4
NE,Johnson County,1.4
KS,Clark County,1.4
TX,Hudspeth County,1.4
KS,Shawnee County,1.4
WY,Sheridan County,1.4
OK,Harper County,1.4
KS,Harper County,1.4
WI,Washburn County,1.4
NC,Alamance County,1.4
NC,Duplin County,1.4
WY,Natrona County,1.4
KS,Sedgwick County,1.4
WA,Walla Walla County,1.4
MN,Nobles County,1.4
TX,Carson County,1.4
OR,Columbia County,1.4
VA,King William County,1.4
OR,Grant County,1.4
OR,Lane County,1.4
NC,Lee County,1.4
KS,Lane County,1.4
KS,Neosho County,1.4
MT,Fergus County,1.4
AR,Searcy County,1.4
TX,Gray County,1.4
KS,Geary County,1.4
OR,Gilliam County,1.4
AL,Coffee County,1.4
MN,Wilkin County,1.4
WI,Sauk County,1.4
TX,Ochiltree County,1.4
NV,Lincoln County,1.4
WI,Oconto County,1.4
CO,Eagle County,1.4
GA,Whitfield County,1.4
NE,Saline County,1.4
TX,Blanco County,1.4
TX,Freestone County,1.4
MN,Goodhue County,1.4
SD,Hutchinson County,1.4
KS,Woodson County,1.4
GA,Colquitt County,1.4
WA,Franklin County,1.4
FL,Washington County,1.4
NC,Cherokee County,1.4
UT,Daggett County,1.4
KS,Morton County,1.4
KS,Finney County,1.4
TX,Montague County,1.4
FL,Okeechobee County,1.4
ND,Cavalier County,1.4
TX,Swisher County,1.4
MA,Dukes County,1.3
WY,Johnson County,1.3
TX,Travis County,1.3
GA,Grady County,1.3
CA,El Dorado County,1.3
KS,Lyon County,1.3
AR,Montgomery County,1.3
VA,Manassas Park,1.3
TX,San Saba County,1.3
AZ,Santa Cruz County,1.3
CO,Delta County,1.3
AR,Franklin County,1.3
CA,San Diego County,1.3
NE,Deuel County,1.3
GA,Atkinson County,1.3
SD,Beadle County,1.3
TX,Wichita County,1.3
AR,Carroll County,1.3
MO,Barton County,1.3
MO,Barry County,1.3
NE,Clay County,1.3
CO,Park County,1.3
VA,Manassas,1.3
VT,Grand Isle County,1.3
WA,Benton County,1.3
NE,Sioux County,1.3
NM,Los Alamos County,1.3
FL,Calhoun County,1.3
WY,Sweetwater County,1.3
FL,Liberty County,1.3
ID,Camas County,1.3
TX,Young County,1.3
ID,Twin Falls County,1.3
UT,Salt Lake County,1.3
WY,Laramie County,1.3
WI,Langlade County,1.3
TX,Potter County,1.3
OR,Baker County,1.3
LA,Avoyelles Parish,1.3
TX,Knox County,1.3
CO,Cheyenne County,1.3
WA,Kittitas County,1.3
CO,El Paso County,1.3
NY,Queens County,1.3
ND,Cass County,1.3
TX,Kent County,1.3
TX,Jones County,1.3
ID,Jefferson County,1.3
UT,Tooele County,1.3
MN,Watonwan County,1.3
GA,Chattahoochee County,1.3
OR,Clatsop County,1.3
TX,Floyd County,1.3
TX,Matagorda County,1.3
TX,Coleman County,1.3
CA,Santa Clara County,1.3
WI,Monroe County,1.3
AL,Monroe County,1.3
TX,Martin County,1.3
TX,Somervell County,1.3
WY,Converse County,1.3
ND,Stark County,1.3
KS,Ness County,1.3
WY,Big Horn County,1.3
CA,Solano County,1.3
SD,Brookings County,1.3
ID,Boise County,1.3
KS,Wyandotte County,1.3
MI,Cass County,1.2
LA,La Salle Parish,1.2
TX,Archer County,1.2
ID,Lemhi County,1.2
TX,Scurry County,1.2
TX,Coryell County,1.2
TX,Jeff Davis County,1.2
CO,Gilpin County,1.2
NE,Douglas County,1.2
ME,Penobscot County,1.2
NE,Dundy County,1.2
CA,Napa County,1.2
RI,Providence County,1.2
OR,Union County,1.2
ND,Traill County,1.2
TX,Bexar County,1.2
WY,Uinta County,1.2
NV,Clark County,1.2
IA,Crawford County,1.2
KS,Sumner County,1.2
TX,Hays County,1.2
DE,Sussex County,1.2
LA,Beauregard Parish,1.2
MI,Iron County,1.2
NE,Platte County,1.2
MI,Ontonagon County,1.2
TX,Milam County,1.2
MN,Renville County,1.2
UT,Weber County,1.2
MN,Hennepin County,1.2
TX,Harrison County,1.2
TX,Morris County,1.2
UT,Box Elder County,1.2
NM,Hidalgo County,1.2
MI,Arenac County,1.2
TX,Hemphill County,1.2
AR,Johnson County,1.2
TX,Armstrong County,1.2
TX,Comanche County,1.2
NC,Chatham County,1.2
KS,Haskell County,1.2
NJ,Hudson County,1.2
CO,Jefferson County,1.2
TX,Atascosa County,1.2
MN,Chippewa County,1.2
TX,Lampasas County,1.2
MT,Lincoln County,1.2
MT,Golden Valley County,1.2
TX,Aransas County,1.2
TX,Live Oak County,1.2
MI,Van Buren County,1.2
AR,Logan County,1.2
TX,Kinney County,1.2
TX,Fannin County,1.2
VA,Buena Vista,1.2
TN,Bedford County,1.2
CO,Clear Creek County,1.2
NY,New York County,1.2
ND,Golden Valley County,1.2
TX,Gillespie County,1.2
MT,Carbon County,1.2
CO,Teller County,1.2
IL,Brown County,1.2
CA,Nevada County,1.2
MT,Park County,1.2
WY,Niobrara County,1.2
NY,Genesee County,1.2
MI,Grand Traverse County,1.2
TX,Crosby County,1.2
TX,Fayette County,1.2
FL,Hardee County,1.2
TX,Rains County,1.1
TX,Oldham County,1.1
TX,Reagan County,1.1
CA,Marin County,1.1
WY,Goshen County,1.1
KS,Kiowa County,1.1
ID,Valley County,1.1
TX,Upshur County,1.1
ND,Steele County,1.1
TX,Harris County,1.1
MI,Antrim County,1.1
TX,Gaines County,1.1
MN,Scott County,1.1
KS,Rice County,1.1
CO,Arapahoe County,1.1
ID,Fremont County,1.1
LA,Grant Parish,1.1
TX,Uvalde County,1.1
WA,King County,1.1
TX,Franklin County,1.1
VA,Prince William County,1.1
MT,Ravalli County,1.1
FL,Martin County,1.1
CO,Lincoln County,1.1
CA,Orange County,1.1
WY,Lincoln County,1.1
TX,Lubbock County,1.1
TX,Bell County,1.1
CO,Summit County,1.1
TX,Madison County,1.1
KS,Butler County,1.1
TX,Burnet County,1.1
TX,Marion County,1.1
WY,Sublette County,1.1
TX,Burleson County,1.1
AL,Marshall County,1.1
TX,Limestone County,1.1
NY,Niagara County,1.1
MI,Mason County,1.1
ND,McHenry County,1.1
TX,McLennan County,1.1
CT,New London County,1.1
TX,Stephens County,1.1
TX,Navarro County,1.1
TX,Midland County,1.1
IA,Monona County,1.1
NE,Boyd County,1.1
ID,Bonneville County,1.1
AL,Morgan County,1.1
TX,Jim Wells County,1.1
WI,Polk County,1.1
CO,Hinsdale County,1.1
OR,Hood River County,1.1
OR,Clackamas County,1.1
TX,Hunt County,1.1
WA,Island County,1.1
CA,Placer County,1.1
AR,Izard County,1.1
TX,Bandera County,1.1
AR,Pike County,1.1
TX,Tom Green County,1.1
KS,Jefferson County,1.1
WA,Clark County,1.1
TX,Chambers County,1.1
TX,Karnes County,1.1
TX,Kerr County,1.1
TX,Kimble County,1.1
TX,Dawson County,1.1
CO,Kit Carson County,1.1
MO,Carter County,1.1
TX,Terry County,1.1
GA,Lanier County,1.1
MO,Lawrence County,1.1
TX,Camp County,1.1
TX,Lee County,1.1
WY,Albany County,1.1
OR,Deschutes County,1.1
OR,Washington County,1.1
ND,Sargent County,1.1
KS,Crawford County,1.1
FL,DeSoto County,1.1
TX,Eastland County,1.1
WI,Adams County,1.1
CA,Alameda County,1.1
TX,Dallas County,1.1
NE,Dodge County,1.1
LA,De Soto Parish,1.1
TX,Pecos County,1.1
MS,Winston County,1.1
MO,Dent County,1
AL,Mobile County,1
MD,Prince George's County,1
TX,Kaufman County,1
TX,El Paso County,1
TX,Bowie County,1
TX,Colorado County,1
WI,Oneida County,1
MO,Dallas County,1
TX,Sutton County,1
UT,Wayne County,1
MT,Stillwater County,1
IN,Cass County,1
TX,Gregg County,1
TX,Falls County,1
NY,Kings County,1
TX,McCulloch County,1
WY,Teton County,1
MT,Gallatin County,1
NY,Saint Lawrence County,1
ID,Adams County,1
TX,Fisher County,1
TX,Guadalupe County,1
AR,Pope County,1
NC,Durham County,1
TX,Refugio County,1
MO,Shannon County,1
KS,Meade County,1
AR,Sharp County,1
NE,Cheyenne County,1
MI,Muskegon County,1
CO,San Juan County,1
ID,Butte County,1
AR,Howard County,1
TX,Medina County,1
TX,Hopkins County,1
TX,Liberty County,1
AL,Geneva County,1
KS,Greeley County,1
TX,Hood County,1
VA,New Kent County,1
NC,Randolph County,1
UT,Piute County,1
SD,Turner County,1
TX,Jack County,1
MN,Ramsey County,1
WI,Barron County,1
KS,Scott County,1
TX,Van Zandt County,1
TX,Montgomery County,1
TX,Wood County,1
LA,Natchitoches Parish,1
TX,Haskell County,1
KS,Bourbon County,1
ND,Barnes County,1
KS,Pratt County,1
VT,Franklin County,1
NC,Moore County,1
TX,Jefferson County,1
CA,Contra Costa County,1
KS,Russell County,1
TX,Rusk County,1
UT,Cache County,1
TX,Wise County,1
CO,Sedgwick County,1
TX,Nolan County,1
ND,Burke County,1
AR,Yell County,1
TX,Hardeman County,1
KS,Thomas County,1
GA,Habersham County,1
MT,Judith Basin County,1
UT,Juab County,1
TX,Zavala County,1
TX,Taylor County,1
TX,Johnson County,1
IL,Kane County,1
MO,Pulaski County,1
NC,Montgomery County,1
CO,Larimer County,1
TX,Palo Pinto County,1
ND,Foster County,1
TX,Goliad County,1
FL,Hamilton County,1
NE,Adams County,0.9
KS,Leavenworth County,0.9
NC,Franklin County,0.9
KS,Barber County,0.9
WY,Crook County,0.9
SD,Grant County,0.9
GA,Marion County,0.9
TX,San Patricio County,0.9
MN,Waseca County,0.9
IL,Lake County,0.9
TX,Robertson County,0.9
TX,Randall County,0.9
TX,Williamson County,0.9
NE,Rock County,0.9
FL,Taylor County,0.9
ID,Bear Lake County,0.9
MI,Presque Isle County,0.9
MI,Oscoda County,0.9
AR,Marion County,0.9
TX,Reeves County,0.9
TX,DeWitt County,0.9
TX,Grimes County,0.9
KS,Pottawatomie County,0.9
UT,Emery County,0.9
TX,Tarrant County,0.9
AR,Van Buren County,0.9
OR,Benton County,0.9
NC,Washington County,0.9
TX,Victoria County,0.9
MO,Holt County,0.9
MN,Lake of the Woods County,0.9
TX,Val Verde County,0.9
FL,Santa Rosa County,0.9
NC,Mitchell County,0.9
KS,Harvey County,0.9
FL,Holmes County,0.9
NC,Beaufort County,0.9
TX,Nacogdoches County,0.9
MO,Taney County,0.9
MO,Reynolds County,0.9
TX,Hill County,0.9
FL,Escambia County,0.9
WI,Wood County,0.9
GA,Hall County,0.9
KS,Wichita County,0.9
LA,Rapides Parish,0.9
TX,Mills County,0.9
MI,Lake County,0.9
WA,San Juan County,0.9
WI,Iron County,0.9
GA,Murray County,0.9
NC,Pender County,0.9
VA,Winchester,0.9
CO,Kiowa County,0.9
WV,Gilmer County,0.9
RI,Washington County,0.9
ID,Gem County,0.9
ID,Bonner County,0.9
ND,Kidder County,0.9
MO,Ripley County,0.9
MN,Crow Wing County,0.9
TX,Llano County,0.9
MI,Ogemaw County,0.9
TX,Frio County,0.9
TX,San Jacinto County,0.9
CA,San Mateo County,0.9
TX,Bosque County,0.9
TX,Borden County,0.9
TX,Shelby County,0.9
OR,Wallowa County,0.9
MI,Kalkaska County,0.9
FL,Walton County,0.9
TX,Denton County,0.9
MT,Carter County,0.9
AL,Winston County,0.9
NE,Lincoln County,0.9
KS,Barton County,0.9
TX,Throckmorton County,0.9
NC,Brunswick County,0.9
ID,Latah County,0.9
CO,Mineral County,0.9
NC,Johnston County,0.9
KS,Ellsworth County,0.9
NC,Onslow County,0.9
NY,Onondaga County,0.9
IN,Miami County,0.9
NE,Garden County,0.9
MO,Dade County,0.9
TX,Parker County,0.9
WI,Milwaukee County,0.9
NC,Person County,0.9
VA,Essex County,0.9
NE,Lancaster County,0.9
NC,Nash County,0.9
KS,Franklin County,0.9
TX,Wilson County,0.9
WY,Park County,0.9
KS,Allen County,0.9
SC,York County,0.9
KS,Chase County,0.9
TX,Glasscock County,0.9
VA,Amherst County,0.9
CO,Phillips County,0.8
GA,Liberty County,0.8
PA,Berks County,0.8
NY,Orleans County,0.8
TX,Calhoun County,0.8
SD,Campbell County,0.8
MO,Cedar County,0.8
GA,Floyd County,0.8
TX,Sabine County,0.8
TX,Smith County,0.8
KS,Jewell County,0.8
MO,Ozark County,0.8
MA,Essex County,0.8
TN,Perry County,0.8
TX,Trinity County,0.8
GA,Decatur County,0.8
MN,Kanabec County,0.8
FL,Bay County,0.8
TX,Ellis County,0.8
AR,Perry County,0.8
AR,Ashley County,0.8
MO,Howell County,0.8
MD,Charles County,0.8
VA,Alexandria,0.8
AR,Stone County,0.8
MI,Iosco County,0.8
TX,Jackson County,0.8
SC,Newberry County,0.8
IL,Cass County,0.8
TX,Kleberg County,0.8
TN,Meigs County,0.8
TX,Austin County,0.8
VA,Caroline County,0.8
MO,Laclede County,0.8
KS,Kingman County,0.8
MI,Clare County,0.8
FL,Jackson County,0.8
MI,Newaygo County,0.8
CO,Elbert County,0.8
TN,Stewart County,0.8
TX,Irion County,0.8
MO,Saint Clair County,0.8
NE,Keith County,0.8
NC,Burke County,0.8
NC,Davidson County,0.8
TX,Henderson County,0.8
MA,Suffolk County,0.8
CO,Yuma County,0.8
UT,Wasatch County,0.8
MO,Saline County,0.8
PA,Philadelphia County,0.8
KS,Saline County,0.8
NC,Tyrrell County,0.8
MT,McCone County,0.8
GA,Jeff Davis County,0.8
MD,Caroline County,0.8
VA,Westmoreland County,0.8
CO,Broomfield County,0.8
MI,Missaukee County,0.8
NC,Wake County,0.8
CA,San Francisco County,0.8
TN,Hamblen County,0.8
KS,Riley County,0.8
TX,Garza County,0.8
MI,Calhoun County,0.8
MN,Anoka County,0.8
KS,Dickinson County,0.8
UT,Rich County,0.8
TX,Leon County,0.8
WI,Waushara County,0.8
IA,Wapello County,0.8
AL,Madison County,0.8
TX,Angelina County,0.8
KS,Reno County,0.8
NY,Orange County,0.8
CO,Grand County,0.8
NC,Wayne County,0.8
NC,Anson County,0.8
NE,Red Willow County,0.8
AL,Limestone County,0.8
NC,Granville County,0.8
MI,Allegan County,0.8
GA,Clinch County,0.8
FL,Osceola County,0.8
ND,Griggs County,0.8
TX,Brazoria County,0.8
CO,Boulder County,0.8
TX,Walker County,0.8
TN,Putnam County,0.8
UT,Utah County,0.8
IN,Fulton County,0.8
ID,Franklin County,0.8
TX,Bee County,0.8
AR,Miller County,0.8
AL,Dale County,0.8
TX,Dimmit County,0.8
AR,Conway County,0.8
NC,Forsyth County,0.8
VA,Fredericksburg,0.8
MI,Otsego County,0.8
MO,Vernon County,0.8
TX,Brown County,0.8
TX,La Salle County,0.8
NC,Mecklenburg County,0.8
TX,Callahan County,0.8
AL,Bullock County,0.8
MO,Bates County,0.8
IL,Cook County,0.8
NY,Westchester County,0.8
TX,Rockwall County,0.8
WI,Florence County,0.8
ID,Ada County,0.8
MN,Marshall County,0.8
KS,Logan County,0.8
MO,Texas County,0.8
KS,Anderson County,0.8
KY,McCreary County,0.8
AR,Boone County,0.8
TX,Galveston County,0.8
LA,St. Bernard Parish,0.8
TX,Comal County,0.8
KS,Marion County,0.8
GA,Pierce County,0.8
MT,Wheatland County,0.8
IA,Marshall County,0.8
TX,Duval County,0.8
SC,Colleton County,0.8
TN,Lincoln County,0.8
GA,Long County,0.8
TX,Newton County,0.8
MO,Phelps County,0.8
KS,Coffey County,0.8
WY,Platte County,0.8
KS,Graham County,0.8
KS,Osage County,0.8
LA,Winn Parish,0.8
MA,Hampden County,0.8
TX,Nueces County,0.8
MO,Hickory County,0.8
KS,Rush County,0.8
SD,Lake County,0.8
VA,Prince George County,0.8
GA,Gwinnett County,0.8
TX,Tyler County,0.8
CO,Custer County,0.8
PA,Lehigh County,0.8
VA,Fairfax County,0.702107
NC,Pamlico County,0.7
FL,Suwannee County,0.7
WA,Whitman County,0.7
TX,Willacy County,0.7
TX,Childress County,0.7
TX,Hartley County,0.7
TX,Collin County,0.7
TX,Cass County,0.7
IA,Page County,0.7
TN,Lauderdale County,0.7
AL,Pike County,0.7
IL,Union County,0.7
AR,Jackson County,0.7
MA,Barnstable County,0.7
TN,Montgomery County,0.7
MN,Rice County,0.7
AR,Hempstead County,0.7
KS,Linn County,0.7
VA,Accomack County,0.7
NY,Jefferson County,0.7
WI,Waupaca County,0.7
IA,Pottawattamie County,0.7
DE,Kent County,0.7
WI,Kenosha County,0.7
TX,Kendall County,0.7
MO,Stone County,0.7
KS,Miami County,0.7
TN,Macon County,0.7
WI,Marquette County,0.7
KS,Atchison County,0.7
ND,Adams County,0.7
FL,Wakulla County,0.7
LA,Jefferson Davis Parish,0.7
SD,McCook County,0.7
NE,Gage County,0.7
TX,Jasper County,0.7
SC,Dorchester County,0.7
GA,Toombs County,0.7
MD,Montgomery County,0.7
NJ,Essex County,0.7
NY,Chautauqua County,0.7
WI,Clark County,0.7
AR,Baxter County,0.7
SD,Kingsbury County,0.7
MI,Dickinson County,0.7
NY,Sullivan County,0.7
MI,Alcona County,0.7
AR,Garland County,0.7
NC,McDowell County,0.7
AL,Baldwin County,0.7
MN,Wadena County,0.7
SC,Berkeley County,0.7
KS,Wabaunsee County,0.7
NE,Dixon County,0.7
SC,Marion County,0.7
IN,Wabash County,0.7
MI,Kent County,0.7
MI,Gratiot County,0.7
NC,Vance County,0.7
MO,Clinton County,0.7
AR,Faulkner County,0.7
MO,Polk County,0.7
NE,Wayne County,0.7
NC,Yancey County,0.7
MN,Big Stone County,0.7
MO,Caldwell County,0.7
TX,Houston County,0.7
GA,Polk County,0.7
MI,Mecosta County,0.7
FL,Levy County,0.7
MI,Houghton County,0.7
MO,Christian County,0.7
GA,Morgan County,0.7
MO,Bollinger County,0.7
FL,Okaloosa County,0.7
AR,Monroe County,0.7
NC,Jones County,0.7
GA,Lumpkin County,0.7
MO,Butler County,0.7
VA,Culpeper County,0.7
MO,Morgan County,0.7
TX,Donley County,0.7
ND,Wells County,0.7
ND,Dickey County,0.7
TX,Brazos County,0.7
NJ,Atlantic County,0.7
MO,Pettis County,0.7
AR,Lonoke County,0.7
TX,Wharton County,0.7
MI,Ingham County,0.7
VA,Norfolk,0.7
SD,Union County,0.7
NC,Hyde County,0.7
IL,Hardin County,0.7
MO,Sullivan County,0.7
MN,Faribault County,0.7
AR,Saint Francis County,0.7
NC,Guilford County,0.7
IL,Pope County,0.7
MT,Granite County,0.7
LA,Bossier Parish,0.7
NY,Schenectady County,0.7
AR,Cleburne County,0.7
NY,Madison County,0.7
KY,Meade County,0.7
TN,Trousdale County,0.7
MI,Wexford County,0.7
NE,York County,0.7
KY,Christian County,0.7
NJ,Union County,0.7
AR,Fulton County,0.7
ND,Divide County,0.7
AR,White County,0.7
TX,Baylor County,0.7
MO,Johnson County,0.7
UT,Davis County,0.7
MN,Otter Tail County,0.7
MI,Roscommon County,0.7
IA,Clarke County,0.7
NC,Cabarrus County,0.7
MN,Lyon County,0.7
ID,Custer County,0.7
VA,Arlington County,0.7
TX,Brooks County,0.7
MT,Fallon County,0.7
AR,Independence County,0.7
KS,Lincoln County,0.7
NC,Edgecombe County,0.7
KY,Carlisle County,0.7
TX,Orange County,0.7
MN,Chisago County,0.7
NE,Stanton County,0.7
ND,Emmons County,0.7
VA,Stafford County,0.7
ID,Teton County,0.7
KS,Pawnee County,0.7
MO,Webster County,0.7
WI,Marinette County,0.7
GA,Camden County,0.7
WI,Winnebago County,0.7
MS,Scott County,0.7
ND,Ransom County,0.7
FL,Lafayette County,0.7
WI,Door County,0.7
MO,Greene County,0.7
SC,Chesterfield County,0.7
VA,Harrisonburg,0.7
VA,Nottoway County,0.7
SC,Jasper County,0.7
TX,Anderson County,0.7
WI,Columbia County,0.7
MO,Cass County,0.7
FL,Gilchrist County,0.7
MT,Sweet Grass County,0.7
KS,Nemaha County,0.7
MI,Crawford County,0.7
NC,Macon County,0.7
NC,Henderson County,0.7
NY,Erie County,0.7
MO,Iron County,0.7
WI,Manitowoc County,0.7
MN,Swift County,0.6
FL,Saint Lucie County,0.6
LA,Iberia Parish,0.6
WI,Lafayette County,0.6
MI,Bay County,0.6
DC,District of Columbia,0.6
MI,Osceola County,0.6
GA,Ben Hill County,0.6
MO,Camden County,0.6
KS,Osborne County,0.6
KS,Marshall County,0.6
KS,Sherman County,0.6
NC,Surry County,0.6
VA,Cumberland County,0.6
MI,Lenawee County,0.6
MI,Shiawassee County,0.6
NC,Northampton County,0.6
GA,Bartow County,0.6
FL,Madison County,0.6
AL,Covington County,0.6
LA,West Carroll Parish,0.6
IA,Buena Vista County,0.6
VA,Hopewell,0.6
IA,Allamakee County,0.6
NC,Union County,0.6
LA,Jefferson Parish,0.6
SD,Edmunds County,0.6
NE,Sarpy County,0.6
GA,Wayne County,0.6
AL,Coosa County,0.6
MI,Montcalm County,0.6
KY,Trimble County,0.6
NC,Haywood County,0.6
MO,Clay County,0.6
HI,Hawaii County,0.6
VA,Chesterfield County,0.6
LA,Assumption Parish,0.6
TX,Briscoe County,0.6
MO,Buchanan County,0.6
NY,Richmond County,0.6
ND,McIntosh County,0.6
FL,Putnam County,0.6
NC,Craven County,0.6
NC,Davie County,0.6
FL,Highlands County,0.6
FL,Hillsborough County,0.6
MA,Bristol County,0.6
MO,Henry County,0.6
KS,Comanche County,0.6
WI,Rusk County,0.6
TX,Mason County,0.6
WI,Trempealeau County,0.6
NE,Merrick County,0.6
TN,Monroe County,0.6
AL,Russell County,0.6
HI,Maui County,0.6
MO,Ray County,0.6
GA,Crawford County,0.6
GA,Charlton County,0.6
GA,Tattnall County,0.6
MO,Douglas County,0.6
NJ,Middlesex County,0.6
GA,Calhoun County,0.6
TX,Lavaca County,0.6
AL,Clay County,0.6
VT,Essex County,0.6
IL,Fulton County,0.6
MS,Pontotoc County,0.6
WI,Marathon County,0.6
FL,Palm Beach County,0.6
ID,Caribou County,0.6
NJ,Mercer County,0.6
AL,Blount County,0.6
IL,Boone County,0.6
AR,Craighead County,0.6
WI,Price County,0.6
NE,Cuming County,0.6
NC,Currituck County,0.6
NE,Furnas County,0.6
AR,Lee County,0.6
FL,Gadsden County,0.6
AR,Union County,0.6
GA,White County,0.6
LA,St. Tammany Parish,0.6
WI,Racine County,0.6
MI,Gladwin County,0.6
VT,Orleans County,0.6
SC,Calhoun County,0.6
TN,Bradley County,0.6
TN,Benton County,0.6
SC,Orangeburg County,0.6
TX,San Augustine County,0.6
NC,Rowan County,0.6
MO,Benton County,0.6
MO,Grundy County,0.6
CO,Routt County,0.6
KS,Cloud County,0.6
IA,Muscatine County,0.6
NC,Orange County,0.6
AL,Colbert County,0.6
TX,Schleicher County,0.6
IL,Bond County,0.6
TN,Rhea County,0.6
FL,Orange County,0.6
GA,Gordon County,0.6
MT,Madison County,0.6
NC,Gates County,0.6
MO,Wright County,0.6
TX,Cameron County,0.6
MO,Miller County,0.6
MS,Hancock County,0.6
LA,Cameron Parish,0.6
MI,Ottawa County,0.6
MI,Tuscola County,0.6
MI,Genesee County,0.6
VA,Colonial Heights,0.6
UT,Summit County,0.6
GA,Evans County,0.6
NJ,Camden County,0.6
MI,Sanilac County,0.6
NE,Fillmore County,0.6
GA,Gilmer County,0.6
NC,Lenoir County,0.6
TX,Webb County,0.6
GA,Clayton County,0.6
TN,Grundy County,0.6
FL,Franklin County,0.6
ME,Piscataquis County,0.6
MN,Isanti County,0.6
MO,Platte County,0.6
IN,Elkhart County,0.6
NC,Carteret County,0.6
NC,Dare County,0.6
NY,Suffolk County,0.6
MI,Ionia County,0.6
MN,Sherburne County,0.6
VA,Rockbridge County,0.6
NC,Caswell County,0.6
IL,Rock Island County,0.6
GA,Stewart County,0.6
IN,White County,0.6
VA,Amelia County,0.6
AL,Barbour County,0.6
WV,Nicholas County,0.6
VA,Newport News,0.6
MT,Petroleum County,0.6
GA,Banks County,0.6
MI,Saint Joseph County,0.6
TX,Fort Bend County,0.6
WI,Kewaunee County,0.6
GA,Jasper County,0.6
OH,Pike County,0.6
NC,Caldwell County,0.6
MS,Pearl River County,0.6
NC,Yadkin County,0.6
NC,Wilson County,0.6
VA,King George County,0.6
VA,Rockingham County,0.6
GA,Sumter County,0.6
MI,Alpena County,0.6
MO,Jackson County,0.6
NC,Polk County,0.6
AR,Hot Spring County,0.6
SC,Horry County,0.6
WI,Fond du Lac County,0.6
TX,Jim Hogg County,0.6
NE,Holt County,0.6
TX,Concho County,0.6
GA,Terrell County,0.6
AR,Clark County,0.6
MI,Montmorency County,0.6
TX,Panola County,0.6
NE,Hitchcock County,0.6
NC,New Hanover County,0.6
MO,Maries County,0.6
WI,Eau Claire County,0.6
FL,Lake County,0.6
MN,Lake County,0.6
AR,Saline County,0.6
MO,Howard County,0.6
TN,Humphreys County,0.6
TX,Shackelford County,0.6
KS,Morris County,0.6
WI,Chippewa County,0.6
MT,Meagher County,0.6
SC,Barnwell County,0.6
AL,Cullman County,0.6
CT,Windham County,0.6
KS,McPherson County,0.6
HI,Kauai County,0.6
FL,Polk County,0.6
MS,Jones County,0.6
MI,Berrien County,0.6
VA,Richmond County,0.592148
AL,Crenshaw County,0.5
MI,Barry County,0.5
PA,Forest County,0.5
SC,Greenville County,0.5
ME,Kennebec County,0.5
NE,Jefferson County,0.5
NE,Nance County,0.5
GA,Pickens County,0.5
MO,Wayne County,0.5
TX,McMullen County,0.5
ND,Logan County,0.5
OH,Adams County,0.5
AL,Autauga County,0.5
AL,Calhoun County,0.5
MS,Harrison County,0.5
WI,La Crosse County,0.5
GA,Peach County,0.5
KY,Hardin County,0.5
WI,Sheboygan County,0.5
LA,Caddo Parish,0.5
GA,McIntosh County,0.5
NH,Coos County,0.5
FL,Volusia County,0.5
NY,Oswego County,0.5
MD,Dorchester County,0.5
CT,Fairfield County,0.5
TN,Dickson County,0.5
PA,Monroe County,0.5
GA,DeKalb County,0.5
LA,Calcasieu Parish,0.5
VA,Lynchburg,0.5
IA,Sioux County,0.5
IA,Montgomery County,0.5
MN,Mower County,0.5
NY,Montgomery County,0.5
AR,Dallas County,0.5
GA,Bryan County,0.5
VA,Nelson County,0.5
MO,Mercer County,0.5
MO,Washington County,0.5
AR,Nevada County,0.5
CT,New Haven County,0.5
NE,Brown County,0.5
FL,Marion County,0.5
NC,Bertie County,0.5
IN,Marion County,0.5
OH,Morgan County,0.5
TN,McMinn County,0.5
MN,Washington County,0.5
TN,Davidson County,0.5
FL,Manatee County,0.5
KS,Washington County,0.5
IL,McHenry County,0.5
MO,Stoddard County,0.5
TN,Marion County,0.5
RI,Newport County,0.5
NC,Stokes County,0.5
TN,Maury County,0.5
NE,Buffalo County,0.5
MS,Stone County,0.5
WI,Dane County,0.5
TX,Washington County,0.5
NC,Buncombe County,0.5
SD,Miner County,0.5
LA,St. Martin Parish,0.5
MO,Monroe County,0.5
GA,Muscogee County,0.5
ME,Somerset County,0.5
MO,DeKalb County,0.5
ID,Madison County,0.5
MI,Branch County,0.5
GA,Mitchell County,0.5
AR,Mississippi County,0.5
KY,Breckinridge County,0.5
IL,Winnebago County,0.5
FL,Brevard County,0.5
MN,Benton County,0.5
NC,Madison County,0.5
IA,Mills County,0.5
GA,Miller County,0.5
FL,Nassau County,0.5
IN,Starke County,0.5
MI,Midland County,0.5
NY,Nassau County,0.5
KS,Smith County,0.5
TX,Zapata County,0.5
KY,Butler County,0.5
IA,Decatur County,0.5
TN,Smith County,0.5
CT,Hartford County,0.5
AL,Houston County,0.5
GA,Turner County,0.5
MI,Hillsdale County,0.5
TN,Polk County,0.5
TN,Rutherford County,0.5
MO,Audrain County,0.5
TX,Hidalgo County,0.5
TN,Hickman County,0.5
FL,Hernando County,0.5
VA,Emporia,0.5
WI,Portage County,0.5
VA,Portsmouth,0.5
TN,Sevier County,0.5
LA,Union Parish,0.5
LA,Claiborne Parish,0.5
GA,Union County,0.5
MO,Harrison County,0.5
NY,Essex County,0.5
TN,Sequatchie County,0.5
NE,Harlan County,0.5
TX,Hardin County,0.5
AL,Etowah County,0.5
FL,Clay County,0.5
VA,Hanover County,0.5
AR,Pulaski County,0.5
PA,Union County,0.5
IL,Pulaski County,0.5
ME,Hancock County,0.5
NC,Pitt County,0.5
WI,Saint Croix County,0.5
WI,Pierce County,0.5
MI,Saint Clair County,0.5
VA,Warren County,0.5
VA,York County,0.5
PA,Pike County,0.5
TN,Jackson County,0.5
AL,Cherokee County,0.5
GA,Cherokee County,0.5
SC,Cherokee County,0.5
MO,Crawford County,0.5
CO,Pitkin County,0.5
IL,Jackson County,0.5
VA,Hampton,0.5
SC,Chester County,0.5
TN,Chester County,0.5
MI,Saginaw County,0.5
NC,Iredell County,0.5
FL,Indian River County,0.5
AL,Chilton County,0.5
IL,Alexander County,0.5
IA,Plymouth County,0.5
IN,Huntington County,0.5
IA,Pocahontas County,0.5
NC,Chowan County,0.5
NE,Howard County,0.5
NC,Avery County,0.5
MD,Frederick County,0.5
GA,Glynn County,0.5
VA,Gloucester County,0.5
VA,Virginia Beach,0.5
FL,Collier County,0.5
WI,Walworth County,0.5
NC,Gaston County,0.5
AR,Columbia County,0.5
FL,Columbia County,0.5
MI,Wayne County,0.5
ME,Waldo County,0.5
NE,Frontier County,0.5
AL,Walker County,0.5
NC,Alleghany County,0.5
TX,Cottle County,0.5
OH,Scioto County,0.5
TN,Robertson County,0.5
NE,Franklin County,0.5
MN,Rock County,0.5
WI,Rock County,0.5
GA,Rockdale County,0.5
IA,Franklin County,0.5
KS,Wallace County,0.5
NC,Rockingham County,0.5
GA,Forsyth County,0.5
MO,Cooper County,0.5
NY,Rockland County,0.5
IN,Allen County,0.5
GA,Greene County,0.5
SD,Hamlin County,0.5
TN,Hamilton County,0.5
LA,Webster Parish,0.5
KS,Clay County,0.5
VA,Waynesboro,0.5
FL,Gulf County,0.5
VA,Falls Church,0.5
GA,Rabun County,0.5
SC,Greenwood County,0.5
MO,Warren County,0.5
AL,Randolph County,0.5
AR,Randolph County,0.5
AR,Cleveland County,0.5
AR,Chicot County,0.5
AR,Greene County,0.5
WI,Green Lake County,0.5
VA,Fauquier County,0.5
KS,Gray County,0.5
GA,Appling County,0.5
LA,Red River Parish,0.5
MI,Clinton County,0.5
AR,Grant County,0.5
IL,Warren County,0.5
GA,Cobb County,0.5
TN,Cocke County,0.5
GA,Ware County,0.5
ND,Renville County,0.5
IN,Bartholomew County,0.5
CO,Douglas County,0.5
CO,Ouray County,0.5
AR,Lawrence County,0.5
AL,Lauderdale County,0.5
MD,Wicomico County,0.5
MI,Lapeer County,0.5
TN,Lake County,0.5
MN,Todd County,0.5
GA,Carroll County,0.5
MO,Lafayette County,0.5
NC,Pasquotank County,0.5
VA,Patrick County,0.5
FL,Lee County,0.5
TN,Carroll County,0.5
NJ,Salem County,0.5
TN,White County,0.5
WI,Dunn County,0.5
MO,Pemiscot County,0.5
MN,Kittson County,0.5
NY,Dutchess County,0.5
GA,Barrow County,0.5
TN,Crockett County,0.5
IN,Saint Joseph County,0.5
NE,Cass County,0.5
SC,Aiken County,0.5
SC,Sumter County,0.5
MN,Dakota County,0.5
GA,Lowndes County,0.5
KY,Oldham County,0.5
IA,Louisa County,0.5
VA,Loudoun County,0.5
TN,Loudon County,0.5
VT,Caledonia County,0.5
AR,Calhoun County,0.5
ID,Oneida County,0.5
MO,Livingston County,0.5
LA,Livingston Parish,0.5
IN,Lake County,0.5
WI,Lincoln County,0.5
SD,Lincoln County,0.5
MO,Callaway County,0.5
WI,Dodge County,0.5
WI,Calumet County,0.5
GA,Dade County,0.5
SC,Lexington County,0.5
NE,Custer County,0.5
NC,Camden County,0.5
NE,Otoe County,0.5
KS,Ottawa County,0.5
NC,Catawba County,0.5
MI,Eaton County,0.5
KS,Phillips County,0.5
WI,Jefferson County,0.5
TN,Tipton County,0.5
SD,Jerauld County,0.5
KS,Sheridan County,0.5
NE,Cedar County,0.5
WV,Barbour County,0.5
MO,Perry County,0.5
KY,Shelby County,0.5
IL,Kendall County,0.5
GA,Thomas County,0.5
NE,Phelps County,0.5
IA,Cass County,0.5
MI,Kalamazoo County,0.5
VA,Franklin County,0.48686
NJ,Cape May County,0.4
PA,Lancaster County,0.4
MO,Cape Girardeau County,0.4
SD,McPherson County,0.4
LA,Evangeline Parish,0.4
MN,Cottonwood County,0.4
GA,Brantley County,0.4
MI,Jackson County,0.4
VA,Danville,0.4
PA,Sullivan County,0.4
WV,Greenbrier County,0.4
KY,Green County,0.4
SC,Richland County,0.4
IL,Vermilion County,0.4
MO,Saint Francois County,0.4
NC,Wilkes County,0.4
LA,Lincoln Parish,0.4
MN,Blue Earth County,0.4
IL,Bureau County,0.4
IL,Perry County,0.4
TN,Sumner County,0.4
NY,Cayuga County,0.4
OH,Athens County,0.4
RI,Kent County,0.4
SC,Spartanburg County,0.4
GA,Haralson County,0.4
NE,Seward County,0.4
VA,Henrico County,0.4
IN,Orange County,0.4
GA,Dawson County,0.4
GA,Spalding County,0.4
VT,Bennington County,0.4
MD,Anne Arundel County,0.4
LA,Richland Parish,0.4
ND,Billings County,0.4
MO,Boone County,0.4
TN,Morgan County,0.4
TN,Shelby County,0.4
VA,Orange County,0.4
IA,Adams County,0.4
AL,Shelby County,0.4
GA,Worth County,0.4
VA,Southampton County,0.4
MN,Wright County,0.4
IL,Ogle County,0.4
GA,Newton County,0.4
TN,Roane County,0.4
MN,Sibley County,0.4
SC,Bamberg County,0.4
IN,Newton County,0.4
AL,Saint Clair County,0.4
AR,Phillips County,0.4
TN,Anderson County,0.4
IA,Boone County,0.4
IA,Scott County,0.4
ME,Androscoggin County,0.4
FL,Pinellas County,0.4
MD,Baltimore County,0.4
MS,Adams County,0.4
IA,Polk County,0.4
AR,Arkansas County,0.4
IL,Saline County,0.4
IN,Putnam County,0.4
NY,Seneca County,0.4
IN,Pulaski County,0.4
NY,Wyoming County,0.4
LA,Bienville Parish,0.4
NE,Arthur County,0.4
OH,Paulding County,0.4
NC,Perquimans County,0.4
MD,Queen Anne's County,0.4
MT,Prairie County,0.4
MD,Saint Mary's County,0.4
NC,Alexander County,0.4
KY,Russell County,0.4
NE,Saunders County,0.4
NE,Nemaha County,0.4
DE,New Castle County,0.4
TN,Bledsoe County,0.4
MN,Pope County,0.4
IL,Peoria County,0.4
MA,Worcester County,0.4
GA,Baker County,0.4
MS,Perry County,0.4
MD,Worcester County,0.4
SC,Beaufort County,0.4
MN,Nicollet County,0.4
ME,Sagadahoc County,0.4
FL,Baker County,0.4
KS,Norton County,0.4
IN,Randolph County,0.4
MD,Somerset County,0.4
LA,Orleans Parish,0.4
GA,Berrien County,0.4
IN,Owen County,0.4
GA,Screven County,0.4
IA,Wright County,0.4
ME,Oxford County,0.4
GA,Bacon County,0.4
VA,Shenandoah County,0.4
IN,Noble County,0.4
PA,Northampton County,0.4
IA,Webster County,0.4
GA,Lincoln County,0.4
AR,Lincoln County,0.4
IA,Greene County,0.4
MS,Greene County,0.4
GA,Talbot County,0.4
TN,Lewis County,0.4
AL,Cleburne County,0.4
AL,Talladega County,0.4
IL,Grundy County,0.4
AL,Tallapoosa County,0.4
IA,Hamilton County,0.4
MS,Leflore County,0.4
LA,Vermilion Parish,0.4
LA,Tangipahoa Parish,0.4
SC,Hampton County,0.4
AL,Lee County,0.4
PA,Cameron County,0.4
MN,Le Sueur County,0.4
GA,Hancock County,0.4
TN,Hancock County,0.4
SD,Hand County,0.4
SC,Laurens County,0.4
TN,Hardin County,0.4
GA,Clarke County,0.4
AL,Clarke County,0.4
IN,Grant County,0.4
GA,Macon County,0.4
MS,George County,0.4
FL,Sumter County,0.4
TN,Giles County,0.4
GA,Glascock County,0.4
PA,Luzerne County,0.4
VA,Lunenburg County,0.4
NE,Gosper County,0.4
OH,Vinton County,0.4
TN,Coffee County,0.4
GA,Coffee County,0.4
VA,Surry County,0.4
SC,Lancaster County,0.4
OH,Lorain County,0.4
KY,Logan County,0.4
VA,Sussex County,0.4
NY,Clinton County,0.4
IN,Clinton County,0.4
KY,Graves County,0.4
NY,Wayne County,0.4
GA,Wilkinson County,0.4
NC,Lincoln County,0.4
MO,Lincoln County,0.4
ME,Lincoln County,0.4
NY,Chenango County,0.4
IL,Kankakee County,0.4
GA,Jackson County,0.4
MN,Kandiyohi County,0.4
NE,Thomas County,0.4
NC,Transylvania County,0.4
VA,Chesapeake,0.4
OH,Champaign County,0.4
MN,Jackson County,0.4
GA,Tift County,0.4
MS,Jackson County,0.4
KS,Johnson County,0.4
SC,Charleston County,0.4
LA,Catahoula Parish,0.4
TN,Cheatham County,0.4
MS,Tippah County,0.4
IN,Tippecanoe County,0.4
VA,James City County,0.4
GA,Chattooga County,0.4
GA,Jenkins County,0.4
VA,Charlotte County,0.4
FL,Jefferson County,0.4
VA,Charlottesville,0.4
NY,Tompkins County,0.4
NE,Chase County,0.4
MS,Tishomingo County,0.4
HI,Honolulu County,0.4
VT,Lamoille County,0.4
FL,Union County,0.4
IL,Carroll County,0.4
AR,Lafayette County,0.4
LA,Lafayette Parish,0.4
NY,Ulster County,0.4
KY,Carroll County,0.4
KY,Henry County,0.4
OH,Henry County,0.4
GA,Twiggs County,0.4
IN,Clark County,0.4
OH,Hocking County,0.4
IN,Vigo County,0.4
IN,Kosciusko County,0.4
TN,Knox County,0.4
ME,Knox County,0.4
IN,Howard County,0.4
IL,Knox County,0.4
FL,Citrus County,0.4
GA,Troup County,0.4
MI,Huron County,0.4
NE,Keya Paha County,0.4
SC,Kershaw County,0.4
KY,Trigg County,0.4
IN,Brown County,0.4
AR,Drew County,0.4
IL,DuPage County,0.4
MO,Dunklin County,0.4
FL,Duval County,0.4
MN,Stearns County,0.4
AR,Crittenden County,0.4
GA,Effingham County,0.4
GA,Meriwether County,0.4
MN,Steele County,0.4
TN,Warren County,0.4
GA,Stephens County,0.4
GA,Brooks County,0.4
FL,Broward County,0.4
MI,Washtenaw County,0.4
KS,Ellis County,0.4
IN,Crawford County,0.4
AL,Elmore County,0.4
IL,Crawford County,0.4
WA,Garfield County,0.4
OH,Erie County,0.4
GA,McDuffie County,0.4
TN,Wilson County,0.4
GA,Coweta County,0.4
VA,Covington,0.4
IL,Massac County,0.4
GA,Fannin County,0.4
SD,Deuel County,0.4
IL,DeKalb County,0.4
MO,Daviess County,0.4
TN,Washington County,0.4
IN,Daviess County,0.4
OH,Defiance County,0.4
PA,Dauphin County,0.4
SC,Darlington County,0.4
AR,Desha County,0.4
VA,Spotsylvania County,0.4
LA,St. Charles Parish,0.4
LA,St. Helena Parish,0.4
KY,Bourbon County,0.4
GA,Emanuel County,0.4
LA,St. John the Baptist Parish,0.4
IA,Dallas County,0.4
VA,Dinwiddie County,0.4
FL,Dixie County,0.4
MI,Monroe County,0.4
GA,Douglas County,0.4
FL,Bradford County,0.4
LA,Washington Parish,0.4
MN,Douglas County,0.4
NC,Stanly County,0.4
TN,Cumberland County,0.4
WI,Washington County,0.4
NE,Butler County,0.4
OH,Fulton County,0.4
MN,Martin County,0.4
IN,Madison County,0.4
KY,Fulton County,0.4
MN,Freeborn County,0.4
TN,Marshall County,0.4
IN,Fountain County,0.4
MS,Madison County,0.4
KY,Martin County,0.4
MS,Forrest County,0.4
IN,Wayne County,0.4
TX,Foard County,0.4
GA,Walton County,0.4
AL,Conecuh County,0.4
MS,Walthall County,0.4
IA,Mahaska County,0.4
VA,Suffolk,0.4
IL,Franklin County,0.4
SC,Williamsburg County,0.4
NH,Sullivan County,0.4
GA,Columbia County,0.4
GA,Bulloch County,0.4
GA,Warren County,0.4
GA,Madison County,0.4
VA,Martinsville,0.4
OH,Gallia County,0.4
IA,Madison County,0.4
NC,Martin County,0.4
MT,Garfield County,0.4
VA,Isle of Wight County,0.4
MO,Franklin County,0.4
ME,Franklin County,0.4
VA,Albemarle County,0.4
MS,Issaquena County,0.4
IA,Ida County,0.4
NH,Grafton County,0.4
IL,Clinton County,0.4
TN,Franklin County,0.4
UT,Morgan County,0.4
GA,Dodge County,0.4
PA,Adams County,0.4
TN,Houston County,0.4
VA,Frederick County,0.4
OH,Jackson County,0.4
MO,Cole County,0.4
IA,Jasper County,0.4
AR,Jefferson County,0.4
SD,Sanborn County,0.4
WI,Richland County,0.4
GA,Richmond County,0.4
AR,Clay County,0.4
MO,Atchison County,0.4
NY,Greene County,0.4
AR,Prairie County,0.4
GA,Harris County,0.4
FL,Flagler County,0.4
NC,Clay County,0.4
MS,Clarke County,0.4
VA,Clarke County,0.4
NC,Rutherford County,0.4
TN,Haywood County,0.4
LA,Ascension Parish,0.4
SD,Hanson County,0.4
GA,Pulaski County,0.4
TN,Union County,0.4
GA,Upson County,0.4
FL,Seminole County,0.4
GA,Fayette County,0.4
AL,Fayette County,0.4
MO,Randolph County,0.4
MD,Howard County,0.4
GA,Cook County,0.4
GA,Early County,0.4
KY,Crittenden County,0.4
GA,Putnam County,0.4
GA,Houston County,0.4
LA,East Feliciana Parish,0.4
OH,Tuscarawas County,0.4
MA,Franklin County,0.4
IN,Greene County,0.4
VA,Poquoson,0.4
IN,Porter County,0.4
TN,Wayne County,0.4
PA,Potter County,0.4
GA,Elbert County,0.4
SC,Florence County,0.4
GA,Heard County,0.4
TN,Overton County,0.4
MD,Calvert County,0.4
FL,Monroe County,0.4
NY,Monroe County,0.4
IA,Osceola County,0.4
VA,Lee County,0.4
SC,Lee County,0.4
KY,Lee County,0.4
GA,Lee County,0.4
TN,Lawrence County,0.4
AR,Ouachita County,0.4
IN,Lawrence County,0.4
MO,Moniteau County,0.4
LA,St. Landry Parish,0.4
IN,Montgomery County,0.4
KY,Spencer County,0.4
IA,Palo Alto County,0.4
MT,Wibaux County,0.4
IN,Parke County,0.4
FL,Pasco County,0.4
IN,LaPorte County,0.4
GA,Paulding County,0.4
ND,LaMoure County,0.4
MS,Benton County,0.4
MN,McLeod County,0.4
WI,Buffalo County,0.4
OH,Noble County,0.4
AL,Bibb County,0.4
AL,Butler County,0.4
IL,Williamson County,0.4
TN,Sullivan County,0.4
MO,Madison County,0.4
NE,Nuckolls County,0.4
NJ,Bergen County,0.4
TN,Blount County,0.4
IA,Shelby County,0.4
LA,Caldwell Parish,0.4
VA,Middlesex County,0.4
OH,Lucas County,0.4
VA,Louisa County,0.4
NY,Livingston County,0.4
MI,Livingston County,0.4
KS,Mitchell County,0.4
KY,Livingston County,0.4
IA,Calhoun County,0.4
IL,Will County,0.4
KY,Casey County,0.4
VA,Petersburg,0.4
IL,Whiteside County,0.4
TN,Jefferson County,0.4
IN,Whitley County,0.4
WV,Morgan County,0.4
NE,Kearney County,0.4
MD,Cecil County,0.4
GA,Catoosa County,0.4
VA,Roanoke County,0.302921
MO,Gentry County,0.3
VA,Staunton,0.3
OH,Williams County,0.3
MO,Ste. Genevieve County,0.3
LA,East Carroll Parish,0.3
MI,Macomb County,0.3
IL,Macoupin County,0.3
LA,Madison Parish,0.3
IN,Morgan County,0.3
NY,Columbia County,0.3
MI,Oakland County,0.3
FL,Miami-Dade County,0.3
FL,Saint Johns County,0.3
AL,Jefferson County,0.3
IL,Gallatin County,0.3
SC,Anderson County,0.3
VA,Galax,0.3
OH,Clinton County,0.3
IA,Cerro Gordo County,0.3
KY,Grayson County,0.3
WV,Braxton County,0.3
AL,Chambers County,0.3
MO,Chariton County,0.3
PA,Tioga County,0.3
GA,Johnson County,0.3
MN,Grant County,0.3
OH,Logan County,0.3
SC,Georgetown County,0.3
GA,Towns County,0.3
IL,Jersey County,0.3
KY,Caldwell County,0.3
AR,Cross County,0.3
MS,Pike County,0.3
FL,Charlotte County,0.3
VA,Goochland County,0.3
GA,Crisp County,0.3
IN,Gibson County,0.3
GA,Chatham County,0.3
NY,Schoharie County,0.3
IN,Jefferson County,0.3
NH,Merrimack County,0.3
MO,Saint Charles County,0.3
OH,Mercer County,0.3
WV,Fayette County,0.3
IL,Mason County,0.3
PA,Warren County,0.3
IA,Black Hawk County,0.3
NY,Warren County,0.3
IA,Floyd County,0.3
MS,Warren County,0.3
VA,Buckingham County,0.3
KY,Estill County,0.3
WI,Waukesha County,0.3
PA,Erie County,0.3
PA,McKean County,0.3
IL,McLean County,0.3
MO,New Madrid County,0.3
IN,Steuben County,0.3
NE,Banner County,0.3
GA,Pike County,0.3
PA,Wayne County,0.3
MO,Scotland County,0.3
TX,Roberts County,0.3
OH,Pickaway County,0.3
VA,Madison County,0.3
GA,Walker County,0.3
OH,Franklin County,0.3
KY,Magoffin County,0.3
IL,Jefferson County,0.3
WV,Jefferson County,0.3
AL,Marion County,0.3
KY,Franklin County,0.3
WI,Crawford County,0.3
IL,Marion County,0.3
SC,Edgefield County,0.3
IL,Marshall County,0.3
NE,Pierce County,0.3
NH,Strafford County,0.3
MS,Marshall County,0.3
TN,Cannon County,0.3
VA,Powhatan County,0.3
NE,Boone County,0.3
KY,Harrison County,0.3
IN,Harrison County,0.3
GA,Telfair County,0.3
MS,Prentiss County,0.3
MS,Choctaw County,0.3
WI,Ozaukee County,0.3
VA,Montgomery County,0.3
OH,Ashtabula County,0.3
VA,Prince Edward County,0.3
IA,Washington County,0.3
IN,Union County,0.3
WI,Green County,0.3
VT,Chittenden County,0.3
KY,Owsley County,0.3
WV,Pendleton County,0.3
KY,Barren County,0.3
IN,LaGrange County,0.3
IL,Henderson County,0.3
IL,LaSalle County,0.3
NY,Washington County,0.3
IA,Henry County,0.3
OH,Clark County,0.3
TN,Henry County,0.3
MN,Lac qui Parle County,0.3
PA,Lackawanna County,0.3
IN,Hendricks County,0.3
TN,Henderson County,0.3
KY,Kenton County,0.3
IN,Knox County,0.3
MS,Attala County,0.3
TN,Carter County,0.3
MS,Panola County,0.3
IA,Carroll County,0.3
TN,Unicoi County,0.3
GA,Lamar County,0.3
IA,Kossuth County,0.3
IN,Adams County,0.3
VA,Lexington,0.3
IA,Guthrie County,0.3
VA,Pittsylvania County,0.3
MN,Dodge County,0.3
KY,Greenup County,0.3
WV,Raleigh County,0.3
VA,Augusta County,0.3
VT,Washington County,0.3
KY,Bracken County,0.3
MO,Osage County,0.3
WV,Doddridge County,0.3
MT,Liberty County,0.3
VA,Appomattox County,0.3
PA,Chester County,0.3
IN,Switzerland County,0.3
VT,Orange County,0.3
WV,Randolph County,0.3
NJ,Monmouth County,0.3
IL,Morgan County,0.3
TN,DeKalb County,0.3
MO,St. Louis,0.3
IN,Hancock County,0.3
WV,Monroe County,0.3
IA,Hancock County,0.3
OH,Washington County,0.3
KS,Cheyenne County,0.3
IA,Lee County,0.3
IL,Iroquois County,0.3
NH,Hillsborough County,0.3
GA,Clay County,0.3
NY,Putnam County,0.3
OH,Putnam County,0.3
GA,Webster County,0.3
IL,Hamilton County,0.3
FL,Leon County,0.3
NJ,Somerset County,0.3
LA,Acadia Parish,0.3
VT,Windham County,0.3
KY,Wolfe County,0.3
IN,Spencer County,0.3
OH,Wood County,0.3
VT,Windsor County,0.3
MD,Washington County,0.3
NC,Watauga County,0.3
IN,Warrick County,0.3
CO,Washington County,0.3
FL,Sarasota County,0.3
TX,Starr County,0.3
IA,Winnebago County,0.3
OH,Stark County,0.3
MN,Winona County,0.3
NE,Washington County,0.3
OH,Seneca County,0.3
OH,Wyandot County,0.3
IN,Vanderburgh County,0.3
TN,Van Buren County,0.3
MD,Talbot County,0.3
WV,Wayne County,0.3
MS,Tallahatchie County,0.3
TN,Weakley County,0.3
GA,Wilcox County,0.3
SC,Union County,0.3
MS,Tate County,0.3
IA,Taylor County,0.3
WI,Taylor County,0.3
MS,Union County,0.3
WV,Taylor County,0.3
VA,Scott County,0.3
IL,Tazewell County,0.3
IA,Union County,0.3
KY,Webster County,0.3
MS,Yalobusha County,0.3
AL,Tuscaloosa County,0.3
KY,Whitley County,0.3
IN,Wells County,0.3
WV,Tucker County,0.3
IL,White County,0.3
GA,Treutlen County,0.3
KS,Trego County,0.3
MO,Shelby County,0.3
IN,Tipton County,0.3
IN,Shelby County,0.3
WV,Summers County,0.3
IL,Woodford County,0.3
AR,Woodruff County,0.3
KY,Warren County,0.3
IA,Warren County,0.3
PA,York County,0.3
IA,Story County,0.3
IA,Wayne County,0.3
ME,York County,0.3
TN,Williamson County,0.3
IN,Sullivan County,0.3
NY,Schuyler County,0.3
VA,Williamsburg,0.3
KY,Wayne County,0.3
MS,Yazoo County,0.3
NY,Steuben County,0.3
MN,Wabasha County,0.3
IN,Scott County,0.3
MS,Simpson County,0.3
KY,Simpson County,0.3
IA,Worth County,0.3
MO,Worth County,0.3
KY,Scott County,0.3
MS,Sunflower County,0.3
MS,Wayne County,0.3
NY,Yates County,0.3
MO,Scott County,0.3
IN,Vermillion County,0.3
TN,Scott County,0.3
VA,Henry County,0.3
TN,Hardeman County,0.3
IA,Hardin County,0.3
MD,Harford County,0.3
IA,Harrison County,0.3
TN,Hawkins County,0.3
NE,Hayes County,0.3
KY,Henderson County,0.3
AL,Henry County,0.3
GA,Henry County,0.3
IL,Henry County,0.3
OH,Hancock County,0.3
OH,Highland County,0.3
VA,Highland County,0.3
OH,Huron County,0.3
MS,Itawamba County,0.3
LA,Jackson Parish,0.3
IA,Jackson County,0.3
IN,Jackson County,0.3
WV,Jackson County,0.3
IN,Jasper County,0.3
MS,Jefferson Davis County,0.3
TN,Greene County,0.3
LA,Franklin Parish,0.3
GA,Franklin County,0.3
PA,Franklin County,0.3
GA,Fulton County,0.3
MO,Gasconade County,0.3
TN,Gibson County,0.3
TN,Grainger County,0.3
KY,Grant County,0.3
WI,Grant County,0.3
OH,Greene County,0.3
IA,Jefferson County,0.3
VA,Greene County,0.3
VA,Greensville County,0.3
OH,Guernsey County,0.3
VA,Halifax County,0.3
NE,Hamilton County,0.3
NY,Hamilton County,0.3
MA,Hampshire County,0.3
IL,Hancock County,0.3
KY,Hancock County,0.3
IA,Lyon County,0.3
MO,Lewis County,0.3
NY,Lewis County,0.3
OH,Licking County,0.3
MN,Lincoln County,0.3
IA,Linn County,0.3
MO,Linn County,0.3
CT,Litchfield County,0.3
IL,Livingston County,0.3
IL,Logan County,0.3
AL,Lowndes County,0.3
IL,Lee County,0.3
IL,Macon County,0.3
MO,Macon County,0.3
IL,Madison County,0.3
KY,Madison County,0.3
OH,Madison County,0.3
TN,Madison County,0.3
OH,Mahoning County,0.3
AL,Marengo County,0.3
WV,Marion County,0.3
IN,Marshall County,0.3
MO,Knox County,0.3
MO,Jefferson County,0.3
KY,Jessamine County,0.3
IA,Johnson County,0.3
IL,Johnson County,0.3
IN,Johnson County,0.3
TN,Johnson County,0.3
GA,Jones County,0.3
IA,Jones County,0.3
PA,Juniata County,0.3
MD,Kent County,0.3
IL,Ford County,0.3
MS,Lafayette County,0.3
MS,Lamar County,0.3
KY,Larue County,0.3
MS,Lauderdale County,0.3
KY,Laurel County,0.3
GA,Laurens County,0.3
IL,Lawrence County,0.3
MS,Lawrence County,0.3
PA,Lebanon County,0.3
GA,Butts County,0.3
KY,Boyd County,0.3
KY,Boyle County,0.3
PA,Bradford County,0.3
VA,Bristol,0.3
VA,Brunswick County,0.3
PA,Bucks County,0.3
KY,Bullitt County,0.3
GA,Burke County,0.3
NJ,Burlington County,0.3
OH,Butler County,0.3
VA,Botetourt County,0.3
WV,Calhoun County,0.3
KY,Calloway County,0.3
TN,Campbell County,0.3
VA,Campbell County,0.3
PA,Carbon County,0.3
IN,Carroll County,0.3
MO,Carroll County,0.3
NH,Carroll County,0.3
OH,Carroll County,0.3
VA,Carroll County,0.3
MO,Andrew County,0.3
SC,Abbeville County,0.3
KY,Adair County,0.3
MO,Adair County,0.3
FL,Alachua County,0.3
NY,Albany County,0.3
MS,Alcorn County,0.3
NY,Allegany County,0.3
KY,Allen County,0.3
OH,Allen County,0.3
SC,Allendale County,0.3
KY,Carter County,0.3
IA,Appanoose County,0.3
NC,Ashe County,0.3
GA,Baldwin County,0.3
VA,Bedford County,0.3
NH,Belknap County,0.3
WV,Berkeley County,0.3
MA,Berkshire County,0.3
GA,Bibb County,0.3
IN,Boone County,0.3
TN,Dyer County,0.3
MS,DeSoto County,0.3
KS,Decatur County,0.3
TN,Decatur County,0.3
IN,Delaware County,0.3
NY,Delaware County,0.3
IA,Des Moines County,0.3
IA,Dickinson County,0.3
GA,Dougherty County,0.3
IL,Douglas County,0.3
IN,Dubois County,0.3
IN,DeKalb County,0.3
LA,East Baton Rouge Parish,0.3
KY,Edmonson County,0.3
SC,Fairfield County,0.3
KY,Fayette County,0.3
OH,Fayette County,0.3
TN,Fayette County,0.3
TN,Fentress County,0.3
IN,Floyd County,0.3
VA,Fluvanna County,0.3
TN,Clay County,0.3
MN,Carver County,0.3
IL,Champaign County,0.3
NY,Chemung County,0.3
IA,Cherokee County,0.3
NH,Cheshire County,0.3
MS,Chickasaw County,0.3
TN,Claiborne County,0.3
SC,Clarendon County,0.3
IA,Clay County,0.3
IN,Clay County,0.3
NY,Herkimer County,0.3
NC,Cleveland County,0.3
IA,Clinton County,0.3
IL,Coles County,0.3
LA,Concordia Parish,0.3
NY,Cortland County,0.3
OH,Coshocton County,0.3
VA,Craig County,0.3
ME,Cumberland County,0.3
OH,Cuyahoga County,0.3
OH,Preble County,0.3
IN,Pike County,0.3
MO,Pike County,0.3
MA,Plymouth County,0.3
MO,Montgomery County,0.3
WV,Pocahontas County,0.3
AR,Poinsett County,0.3
AL,Montgomery County,0.3
LA,Pointe Coupee Parish,0.3
NE,Polk County,0.3
MS,Monroe County,0.3
IA,Poweshiek County,0.3
TN,Pickett County,0.3
IN,Monroe County,0.3
KY,Pulaski County,0.3
GA,Monroe County,0.3
IL,Putnam County,0.3
WV,Putnam County,0.3
MO,Mississippi County,0.3
GA,Quitman County,0.3
MO,Ralls County,0.3
NY,Rensselaer County,0.3
MA,Middlesex County,0.3
OH,Miami County,0.3
MO,Nodaway County,0.3
GA,Oconee County,0.3
SC,Oconee County,0.3
NJ,Ocean County,0.3
GA,Oglethorpe County,0.3
KY,Ohio County,0.3
MN,Olmsted County,0.3
VA,Norton,0.3
NY,Oneida County,0.3
NY,Ontario County,0.3
LA,Ouachita Parish,0.3
VA,Northampton County,0.3
OH,Sandusky County,0.3
KY,Owen County,0.3
KY,Pendleton County,0.3
WI,Pepin County,0.3
IN,Perry County,0.3
OH,Perry County,0.3
MN,Morrison County,0.3
NJ,Morris County,0.3
KY,Morgan County,0.3
TN,Moore County,0.3
SC,Pickens County,0.3
KY,Rockcastle County,0.3
IL,Menard County,0.3
VT,Rutland County,0.3
OH,Meigs County,0.3
MN,Meeker County,0.3
KY,McCracken County,0.3
IL,Saint Clair County,0.3
IN,Martin County,0.3
KY,Robertson County,0.3
VA,Mathews County,0.3
VA,Mecklenburg County,0.3
IL,McDonough County,0.3
KY,Mason County,0.3
IN,Ripley County,0.3
KS,Rooks County,0.3
KY,Mercer County,0.3
TN,McNairy County,0.3
KY,McLean County,0.3
VA,Salem,0.3
OH,Ross County,0.3
IA,Ringgold County,0.3
WV,Mason County,0.2
OH,Ottawa County,0.2
PA,Fayette County,0.2
MA,Norfolk County,0.2
VA,Wythe County,0.2
GA,Jefferson County,0.2
WV,Upshur County,0.2
KY,Clay County,0.2
IA,Audubon County,0.2
MN,Murray County,0.2
IL,Pike County,0.2
MS,Tunica County,0.2
IN,Benton County,0.2
KS,Rawlins County,0.2
CT,Middlesex County,0.2
WV,Cabell County,0.2
WV,Ritchie County,0.2
AL,Wilcox County,0.2
VA,Giles County,0.2
WV,Kanawha County,0.2
PA,Allegheny County,0.2
IN,Dearborn County,0.2
NY,Fulton County,0.2
NE,Perkins County,0.2
AL,Perry County,0.2
GA,Washington County,0.2
VA,Russell County,0.2
PA,Delaware County,0.2
IN,Washington County,0.2
KY,Fleming County,0.2
PA,Fulton County,0.2
KY,Perry County,0.2
KY,Gallatin County,0.2
IN,Decatur County,0.2
IL,Adams County,0.2
KY,Anderson County,0.2
IN,Rush County,0.2
OH,Shelby County,0.2
MS,Washington County,0.2
KY,Rowan County,0.2
MD,Garrett County,0.2
MS,Franklin County,0.2
VA,Floyd County,0.2
IA,Sac County,0.2
IN,Fayette County,0.2
IL,Fayette County,0.2
MS,Oktibbeha County,0.2
IN,Warren County,0.2
NY,Otsego County,0.2
SD,Faulk County,0.2
OH,Fairfield County,0.2
WV,Ohio County,0.2
IN,Franklin County,0.2
VA,Alleghany County,0.2
NJ,Warren County,0.2
KY,Elliott County,0.2
PA,Elk County,0.2
IN,Ohio County,0.2
IL,Effingham County,0.2
IL,Edwards County,0.2
IA,Fremont County,0.2
VT,Addison County,0.2
IL,Edgar County,0.2
IA,Dubuque County,0.2
GA,Wilkes County,0.2
IN,Posey County,0.2
GA,Wheeler County,0.2
IL,Schuyler County,0.2
MO,Schuyler County,0.2
IA,Cedar County,0.2
KY,Bell County,0.2
WV,Preston County,0.2
IA,Benton County,0.2
VA,Pulaski County,0.2
GA,Seminole County,0.2
MD,Carroll County,0.2
MS,Bolivar County,0.2
VA,Wise County,0.2
VA,Radford,0.2
OH,Portage County,0.2
MS,Wilkinson County,0.2
MS,Calhoun County,0.2
IL,Calhoun County,0.2
IL,Randolph County,0.2
MS,Rankin County,0.2
VA,Rappahannock County,0.2
WV,Wirt County,0.2
KS,Republic County,0.2
IA,Buchanan County,0.2
OH,Brown County,0.2
MN,Brown County,0.2
NY,Broome County,0.2
OH,Richland County,0.2
RI,Bristol County,0.2
MS,Sharkey County,0.2
AL,Pickens County,0.2
IA,Davis County,0.2
IL,Shelby County,0.2
PA,Cumberland County,0.2
NE,Antelope County,0.2
PA,Crawford County,0.2
OH,Crawford County,0.2
MS,Covington County,0.2
MS,Copiah County,0.2
OH,Columbiana County,0.2
OH,Ashland County,0.2
KY,Clinton County,0.2
WV,Pleasants County,0.2
OH,Wayne County,0.2
IL,Piatt County,0.2
OH,Clermont County,0.2
PA,Clearfield County,0.2
WV,Clay County,0.2
MS,Clay County,0.2
OH,Auglaize County,0.2
KY,Ballard County,0.2
IL,Clay County,0.2
SD,Clark County,0.2
NE,Webster County,0.2
KY,Clark County,0.2
IL,Clark County,0.2
LA,West Baton Rouge Parish,0.2
MS,Claiborne County,0.2
IL,Christian County,0.2
MS,Montgomery County,0.2
IA,Keokuk County,0.2
NE,Thayer County,0.2
WV,Monongalia County,0.2
IL,Monroe County,0.2
NY,Tioga County,0.2
IL,Jo Daviess County,0.2
IN,Jennings County,0.2
PA,Jefferson County,0.2
OH,Jefferson County,0.2
KY,Todd County,0.2
KY,Jefferson County,0.2
IN,Jay County,0.2
IL,Montgomery County,0.2
LA,St. James Parish,0.2
KY,Montgomery County,0.2
MI,Keweenaw County,0.2
WI,Iowa County,0.2
IA,Iowa County,0.2
PA,Indiana County,0.2
NJ,Hunterdon County,0.2
IA,Humboldt County,0.2
OH,Trumbull County,0.2
KS,Hodgeman County,0.2
MS,Hinds County,0.2
IL,Sangamon County,0.2
LA,Morehouse Parish,0.2
WV,Tyler County,0.2
IN,Henry County,0.2
OH,Morrow County,0.2
IL,Moultrie County,0.2
IL,Stephenson County,0.2
WV,Marshall County,0.2
OH,Marion County,0.2
MS,Marion County,0.2
MO,Marion County,0.2
KY,Marion County,0.2
IA,Marion County,0.2
SC,McCormick County,0.2
AL,Macon County,0.2
KY,Lyon County,0.2
IA,Lucas County,0.2
MS,Lowndes County,0.2
PA,Susquehanna County,0.2
OH,Medina County,0.2
MS,Lincoln County,0.2
KY,Lincoln County,0.2
OH,Monroe County,0.2
WV,Lewis County,0.2
KY,Menifee County,0.2
GA,Taliaferro County,0.2
KY,Lewis County,0.2
KY,Letcher County,0.2
MS,Lee County,0.2
OH,Lawrence County,0.2
WV,Mercer County,0.2
KY,Metcalfe County,0.2
KY,Taylor County,0.2
VA,Lancaster County,0.2
AL,Lamar County,0.2
OH,Lake County,0.2
KY,Knox County,0.2
KY,Harlan County,0.2
WV,Grant County,0.2
NE,Greeley County,0.2
AL,Greene County,0.2
OH,Harrison County,0.2
IL,Greene County,0.2
PA,Venango County,0.2
MS,Noxubee County,0.2
PA,Greene County,0.2
KY,Muhlenberg County,0.2
KY,Union County,0.2
OH,Union County,0.2
AL,Hale County,0.2
VA,Smyth County,0.2
KY,Nicholas County,0.2
WV,Hampshire County,0.2
PA,Snyder County,0.2
IA,O'Brien County,0.2
WI,Vernon County,0.2
NJ,Gloucester County,0.2
KY,Hart County,0.2
IL,Richland County,0.2
MO,Saint Louis County,0.2
MS,Smith County,0.2
KY,Garrard County,0.2
WV,Mineral County,0.2
VA,Tazewell County,0.2
MS,Grenada County,0.2
KY,Campbell County,0.2
KY,Marshall County,0.2
IA,Van Buren County,0.2
IL,Scott County,0.2
PA,Mercer County,0.2
MN,Fillmore County,0.2
OH,Knox County,0.2
IL,Stark County,0.2
VA,Northumberland County,0.2
IA,Fayette County,0.2
MS,Quitman County,0.2
GA,Candler County,0.2
NE,Sherman County,0.2
MO,Putnam County,0.2
MS,Carroll County,0.2
OH,Hamilton County,0.2
KY,Johnson County,0.2
IA,Adair County,0.2
IN,Hamilton County,0.2
NE,Grant County,0.2
VA,Grayson County,0.2
NE,Loup County,0.2
MS,Amite County,0.2
NJ,Sussex County,0.2
NH,Rockingham County,0.2
WV,Wyoming County,0.2
PA,Wyoming County,0.2
KY,Bath County,0.2
VA,Bath County,0.2
PA,Bedford County,0.2
WV,McDowell County,0.2
OH,Summit County,0.2
OH,Belmont County,0.2
PA,Northumberland County,0.2
MD,Allegany County,0.2
OH,Van Wert County,0.2
TN,Obion County,0.2
PA,Schuylkill County,0.2
NY,Saratoga County,0.2
IN,Blackford County,0.2
NE,Blaine County,0.2
KY,Woodford County,0.2
WV,Wood County,0.2
WV,Roane County,0.2
KY,Boone County,0.2
PA,Lycoming County,0.2
IA,Howard County,0.2
IL,Wabash County,0.2
OH,Hardin County,0.2
CT,Tolland County,0.2
KY,Jackson County,0.2
PA,Clarion County,0.2
LA,Iberville Parish,0.2
KY,Hopkins County,0.2
MN,Houston County,0.2
VA,Page County,0.2
WV,Harrison County,0.2
OH,Muskingum County,0.2
IL,Wayne County,0.2
IL,Jasper County,0.2
MS,Jasper County,0.2
PA,Columbia County,0.2
VA,Dickenson County,0.2
PA,Montgomery County,0.2
MS,Webster County,0.2
MO,Clark County,0.2
WV,Hardy County,0.2
OH,Warren County,0.2
KY,Washington County,0.2
OH,Delaware County,0.2
GA,Hart County,0.2
IL,De Witt County,0.2
KY,Nelson County,0.2
OH,Montgomery County,0.2
KY,Hickman County,0.2
AL,Choctaw County,0.2
PA,Perry County,0.2
OH,Darke County,0.2
MS,Jefferson County,0.2
AL,Dallas County,0.2
VA,Washington County,0.2
MA,Nantucket County,0.2
GA,Dooly County,0.2
PA,Centre County,0.2
VA,Buchanan County,0.1
GA,Schley County,0.1
PA,Butler County,0.1
KY,Leslie County,0.1
IA,Clayton County,0.1
KY,Floyd County,0.1
OH,Holmes County,0.1
PA,Huntingdon County,0.1
MS,Coahoma County,0.1
PA,Beaver County,0.1
PA,Somerset County,0.1
IL,Mercer County,0.1
PA,Armstrong County,0.1
KY,Cumberland County,0.1
IL,Washington County,0.1
AL,Sumter County,0.1
PA,Montour County,0.1
KY,Daviess County,0.1
PA,Washington County,0.1
OH,Geauga County,0.1
PA,Blair County,0.1
KY,Monroe County,0.1
IA,Mitchell County,0.1
KY,Powell County,0.1
IA,Chickasaw County,0.1
WV,Hancock County,0.1
KY,Knott County,0.1
PA,Cambria County,0.1
PA,Westmoreland County,0.1
LA,Tensas Parish,0.1
LA,West Feliciana Parish,0.1
IA,Grundy County,0.1
GA,Taylor County,0.1
KY,Lawrence County,0.1
KY,Breathitt County,0.1
GA,Irwin County,0.1
VA,Bland County,0.1
GA,Bleckley County,0.1
WV,Boone County,0.1
IA,Winneshiek County,0.1
PA,Lawrence County,0.1
WV,Brooke County,0.1
IA,Delaware County,0.1
WV,Webster County,0.1
IA,Monroe County,0.1
MS,Humphreys County,0.1
KS,Gove County,0.1
NE,Wheeler County,0.1
NE,Pawnee County,0.1
WV,Wetzel County,0.1
GA,Montgomery County,0.1
WV,Logan County,0.1
PA,Clinton County,0.1
GA,Randolph County,0.1
KY,Pike County,0.1
WV,Mingo County,0.1
IA,Bremer County,0.1
WV,Lincoln County,0.1
IL,Cumberland County,0.1
IA,Butler County,0.1
NE,Valley County,0.1
MS,Holmes County,0.1
PA,Mifflin County,0.1
NE,McPherson County,0
NE,Garfield County,0
HI,Kalawao County,0
