State,County,BlackPerc
MS,Jefferson County,85.1
MS,Claiborne County,84.1
MS,Holmes County,82.2
AL,Macon County,81.5
AL,Greene County,80.5
VA,Petersburg,77.6
MS,Tunica County,75.6
MS,Humphreys County,75
MS,Coahoma County,74.9
AL,Sumter County,73.5
MS,Sunflower County,73
AL,Lowndes County,72.9
SC,Allendale County,72.9
MS,Leflore County,72.7
GA,Hancock County,72.6
MS,Noxubee County,71.7
MS,Washington County,71.4
AL,Wilcox County,71
MS,Hinds County,70.8
MS,Wilkinson County,70.2
AL,Bullock County,70.1
MS,Sharkey County,69.6
AL,Dallas County,69.5
MS,Quitman County,69.1
GA,Dougherty County,68.4
GA,Clayton County,68.3
LA,East Carroll Parish,67.5
AL,Perry County,67.5
SC,Williamsburg County,65.1
MD,Prince George's County,64.7
MS,Bolivar County,64.7
MS,Issaquena County,63.9
VA,Emporia,63.7
SC,Lee County,63.4
SC,Orangeburg County,62.2
LA,Madison Parish,62.1
AR,Phillips County,61.6
NC,Bertie County,61.4
GA,Calhoun County,61.2
SC,Bamberg County,61.1
GA,Randolph County,60.9
MS,Kemper County,60.4
GA,Terrell County,60.3
GA,Warren County,59.9
MS,Jefferson Davis County,59.9
GA,Macon County,59.8
LA,Orleans Parish,59.8
NC,Hertford County,59.8
GA,Clay County,59.5
VA,Greensville County,59.3
SC,Fairfield County,58.8
MS,Clay County,58.6
NC,Northampton County,58.4
AL,Hale County,58.1
NC,Edgecombe County,57.7
VA,Sussex County,57.5
MS,Yazoo County,57.4
GA,Taliaferro County,56.9
AL,Montgomery County,56.7
GA,Talbot County,56.6
SC,Marion County,56.5
MS,Tallahatchie County,56.4
AR,Jefferson County,55.5
GA,Richmond County,55.5
LA,St. John the Baptist Parish,55.4
FL,Gadsden County,55.2
VA,Brunswick County,55.1
GA,DeKalb County,54.8
LA,Tensas Parish,54.8
AR,Chicot County,54.6
AR,Lee County,54.2
SC,Hampton County,53.9
GA,Bibb County,53.8
GA,Jefferson County,53.6
VA,Portsmouth,53.4
MS,Adams County,53.4
TN,Shelby County,53.3
NC,Halifax County,53.2
LA,St. Helena Parish,53
GA,Sumter County,52.8
AR,Saint Francis County,52.7
GA,Washington County,52.7
MS,Pike County,52.5
MS,Jasper County,52.4
AR,Crittenden County,51.8
GA,Stewart County,51.5
NC,Warren County,51.5
MS,Copiah County,51.4
GA,Rockdale County,51
AL,Marengo County,51
SC,Marlboro County,51
LA,Claiborne Parish,50.9
NC,Vance County,50.9
GA,Dooly County,50.5
GA,Early County,49.9
TN,Haywood County,49.9
VA,Hampton,49.8
MS,Panola County,49.7
VA,Danville,49.4
LA,St. James Parish,49.1
LA,Iberville Parish,49
DC,District of Columbia,49
VA,Richmond County,48.9266
SC,Clarendon County,48.7
NC,Washington County,48.7
NC,Anson County,48.6
SC,McCormick County,48.6
GA,Burke County,48.4
LA,Caddo Parish,48.2
MS,Warren County,48.2
GA,Mitchell County,48
LA,Morehouse Parish,47.9
AR,Desha County,47.9
AL,Barbour County,47.6
MS,Marshall County,47.6
VA,Charles City County,47.5
MO,St. Louis,47.5
GA,Quitman County,47.5
SC,Sumter County,47.1
SC,Richland County,46.9
SC,Dillon County,46.6
MS,Winston County,46.3
AL,Conecuh County,46.2
LA,East Baton Rouge Parish,46.2
GA,Muscogee County,46.1
LA,West Feliciana Parish,45.9
GA,Baker County,45.6
MS,Montgomery County,45.5
GA,Peach County,45.1
VA,Martinsville,45.1
GA,Fulton County,44.3
AL,Clarke County,44.2
SC,Barnwell County,44.1
SC,Jasper County,44.1
LA,East Feliciana Parish,44.1
PA,Philadelphia County,44.1
MS,Lowndes County,44
AL,Butler County,44
MS,Chickasaw County,43.9
MS,Walthall County,43.8
MD,Charles County,43.8
VA,Surry County,43.8
GA,Crisp County,43.6
GA,Douglas County,43.5
NY,Bronx County,43.5
GA,Jenkins County,43.2
GA,Newton County,43
MD,Baltimore County,42.9647
AL,Russell County,42.9
MS,Lauderdale County,42.9
NC,Martin County,42.9
VA,Suffolk,42.9
AL,Jefferson County,42.9
MD,Somerset County,42.8
VA,Norfolk,42.7
GA,Wilkes County,42.6
GA,Webster County,42.5
AL,Choctaw County,42.4
MS,Grenada County,42.4
MS,Attala County,42.3
SC,Florence County,42.2
MS,Leake County,41.9
NJ,Essex County,41.9
SC,Calhoun County,41.9
GA,Baldwin County,41.8
LA,Bienville Parish,41.8
GA,Screven County,41.7
TN,Hardeman County,41.6
LA,Lincoln Parish,41.6
GA,Decatur County,41.6
LA,Natchitoches Parish,41.4
AR,Dallas County,41.3
LA,St. Landry Parish,41.3
SC,Darlington County,41.2
VA,Newport News,41.1
AL,Monroe County,41.1
NC,Lenoir County,41
MS,Amite County,40.9
GA,Twiggs County,40.9
GA,Liberty County,40.8
GA,McDuffie County,40.7
LA,Concordia Parish,40.7
GA,Henry County,40.6
AR,Ouachita County,40.3
AR,Monroe County,40.3
AL,Pickens County,40.2
GA,Chatham County,40.1
NC,Wilson County,39.8
AL,Chambers County,39.5
LA,Red River Parish,39.5
VA,Nottoway County,39.4
NC,Nash County,39.4
MS,Wayne County,39.4
VA,Hopewell,39.4
GA,Meriwether County,39.4
GA,Turner County,39.4
MI,Wayne County,39.3
NC,Scotland County,39.2
FL,Madison County,38.9
GA,Wilkinson County,38.6
NC,Durham County,38.6
MS,Yalobusha County,38.5
LA,West Baton Rouge Parish,38.5
GA,Wheeler County,38.4
SC,Colleton County,38.3
MS,Madison County,38.3
GA,Taylor County,38.2
LA,De Soto Parish,38.1
MS,Scott County,38.1
VA,Essex County,37.9
NC,Cumberland County,37.6
NC,Pasquotank County,37.3
TN,Madison County,37.3
LA,Ouachita Parish,37.3
MS,Oktibbeha County,37.2
AR,Lafayette County,37.1
MS,Forrest County,37
SC,Chester County,37
SC,Edgefield County,36.9
AL,Pike County,36.9
GA,Thomas County,36.8
GA,Lowndes County,36.6
VA,Halifax County,36.6
IL,Alexander County,36.6
GA,Greene County,36.6
NC,Greene County,36.6
GA,Telfair County,36.6
NC,Tyrrell County,36.3
MS,Benton County,36.2
AR,Columbia County,36.2
GA,Laurens County,36.2
VA,Southampton County,36.1
AR,Pulaski County,36
MS,Covington County,35.9
GA,Wilcox County,35.7
MS,Simpson County,35.7
LA,Pointe Coupee Parish,35.6
LA,Richland Parish,35.6
GA,Ben Hill County,35.5
MS,Franklin County,35.5
FL,Jefferson County,35.4
GA,Brooks County,35.4
GA,Troup County,35.4
AL,Mobile County,35.3
VA,Northampton County,35.2
NY,Kings County,35.2
TN,Lauderdale County,35.1
GA,Johnson County,35
AR,Mississippi County,34.9
GA,McIntosh County,34.9
VA,Mecklenburg County,34.9
NC,Pitt County,34.8
NC,Bladen County,34.6
VA,Buckingham County,34.6
NC,Hoke County,34.3
TX,Jefferson County,34.3
MS,Clarke County,34.2
NC,Chowan County,34.2
GA,Emanuel County,34.2
NC,Guilford County,34
VA,Lunenburg County,34
LA,Webster Parish,34
MS,Carroll County,34
FL,Hamilton County,33.5
NC,Caswell County,33.5
GA,Spalding County,33.2
NC,Gates County,33.2
GA,Seminole County,33
VA,Dinwiddie County,32.7
VA,Prince Edward County,32.6
SC,Georgetown County,32.6
AR,Union County,32.6
LA,St. Mary Parish,32.6
AL,Talladega County,32.5
SC,Chesterfield County,32.5
AL,Escambia County,32.4
MS,Marion County,32.4
GA,Treutlen County,32.3
IL,Pulaski County,32.3
LA,Catahoula Parish,32.2
LA,Iberia Parish,32.2
NC,Mecklenburg County,32.2
VA,Prince George County,32.2
VA,Cumberland County,32.2
SC,Greenwood County,32.1
NC,Granville County,32.1
LA,Franklin Parish,32
LA,Rapides Parish,32
GA,Charlton County,32
NC,Wayne County,31.9
AL,Coosa County,31.8
GA,Lamar County,31.7
SC,Union County,31.7
GA,Pulaski County,31.7
FL,Leon County,31.6
GA,Lincoln County,31.6
NC,Richmond County,31.4
MS,Lawrence County,31.4
MS,Tate County,31.3
SC,Newberry County,31.3
GA,Evans County,31.2
NC,Jones County,31.1
AL,Tuscaloosa County,31
MS,Lincoln County,31
LA,Winn Parish,30.9
GA,Marion County,30.8
MS,Monroe County,30.8
NC,Columbus County,30.5
AR,Nevada County,30.5
LA,St. Martin Parish,30.5
LA,Washington Parish,30.4
AR,Lincoln County,30.3
OH,Cuyahoga County,30.3
GA,Houston County,30.3
MS,Newton County,30.3
IL,Saint Clair County,30.2
LA,Tangipahoa Parish,30.2
GA,Tift County,30.1
VA,Chesapeake,30.1
VA,Henrico County,30.1
FL,Duval County,30.1
GA,Dodge County,30
AR,Hempstead County,29.9
LA,Assumption Parish,29.9
NC,Hyde County,29.6
MS,Choctaw County,29.5
GA,Tattnall County,29.5
LA,Avoyelles Parish,29.5
GA,Elbert County,29.4
VA,Charlotte County,29.3
MS,Jones County,29.3
GA,Ware County,29.3
LA,Jackson Parish,29.1
GA,Grady County,29.1
GA,Bulloch County,29.1
GA,Worth County,28.9
FL,Broward County,28.9
MS,Lee County,28.7
SC,Charleston County,28.6
VA,Lynchburg,28.5
LA,Evangeline Parish,28.4
SC,Abbeville County,28.3
GA,Clinch County,28.3
MD,Dorchester County,28.3
VA,Caroline County,28.2
TN,Davidson County,28.1
VA,Accomack County,28.1
TN,Lake County,28.1
GA,Miller County,28.1
GA,Coffee County,28
MS,Calhoun County,28
AR,Drew County,28
VA,Lancaster County,28
GA,Upson County,28
IN,Marion County,27.8
GA,Cook County,27.8
GA,Butts County,27.7
GA,Clarke County,27.7
AR,Bradley County,27.6
TN,Fayette County,27.5
VA,Westmoreland County,27.4
AL,Henry County,27.3
NC,Person County,27.3
GA,Cobb County,27.3
AL,Tallapoosa County,27.3
GA,Putnam County,27.3
MS,Greene County,27.2
LA,Jefferson Parish,27.2
WI,Milwaukee County,27.2
NC,Forsyth County,27.1
FL,Jackson County,27
NC,Sampson County,27
GA,Gwinnett County,27
VA,King and Queen County,26.9
AR,Woodruff County,26.9
GA,Bleckley County,26.8
NC,Franklin County,26.8
GA,Montgomery County,26.8
MO,Pemiscot County,26.7
GA,Irwin County,26.7
AL,Houston County,26.7
LA,St. Charles Parish,26.6
GA,Glynn County,26.5
SC,Saluda County,26.2
LA,Union Parish,26.2
OH,Hamilton County,26.1
LA,Lafayette Parish,26.1
GA,Toombs County,26
SC,Laurens County,26
NC,Duplin County,26
SC,Dorchester County,25.9
TX,Houston County,25.8
TX,Waller County,25.6
AR,Ashley County,25.6
GA,Long County,25.6
LA,Calcasieu Parish,25.3
NC,Beaufort County,25.3
IN,Lake County,25.3
MD,Wicomico County,25.2
DE,Kent County,25.2
SC,Kershaw County,25.2
SC,Berkeley County,25.1
AR,Miller County,25.1
SC,Aiken County,25.1
MS,DeSoto County,24.9
DE,New Castle County,24.9
GA,Jones County,24.9
TX,Falls County,24.8
VA,Northumberland County,24.8
KS,Wyandotte County,24.8
MO,Mississippi County,24.7
NC,Robeson County,24.7
MA,Suffolk County,24.7
TX,Bowie County,24.7
AL,Washington County,24.6
AL,Madison County,24.6
AR,Arkansas County,24.5
GA,Candler County,24.5
IL,Cook County,24.4
NC,Perquimans County,24.4
KY,Fulton County,24.3
VA,Fredericksburg,24.1
MO,Jackson County,24
MS,Harrison County,24
AR,Clark County,24
AL,Crenshaw County,24
MO,Saint Louis County,23.9
VA,Isle of Wight County,23.9
GA,Monroe County,23.7
AL,Lee County,23.7
MS,Lafayette County,23.7
MS,Smith County,23.6
NJ,Union County,23.5
VA,Chesterfield County,23.3
LA,Allen Parish,23.2
GA,Colquitt County,23.2
GA,Morgan County,23.2
TX,Dallas County,23.1
TX,Walker County,23.1
TX,Morris County,23
LA,Ascension Parish,22.9
FL,Union County,22.9
AR,Cross County,22.9
FL,Escambia County,22.8
TX,San Augustine County,22.8
TX,Bell County,22.7
SC,Lancaster County,22.7
GA,Lanier County,22.7
VA,Alexandria,22.6
TX,Harrison County,22.5
LA,St. Bernard Parish,22.3
TX,Marion County,22.2
FL,Orange County,22.2
OH,Franklin County,22.2
MS,Jackson County,22.1
AL,Bibb County,22.1
VA,Henry County,22
AR,Calhoun County,22
GA,Fayette County,22
NJ,Cumberland County,21.9
VA,Amelia County,21.9
VA,Pittsylvania County,21.7
NC,Craven County,21.7
LA,Bossier Parish,21.7
TX,Anderson County,21.7
VA,Prince William County,21.5
GA,Jasper County,21.5
KY,Jefferson County,21.5
NC,Harnett County,21.5
GA,Schley County,21.5
NC,Wake County,21.3
GA,Crawford County,21.3
AL,Elmore County,21.2
MS,Neshoba County,21.2
NJ,Mercer County,21.2
PA,Delaware County,21.2
KY,Christian County,21.1
AL,Calhoun County,21.1
TX,Fort Bend County,21.1
NJ,Camden County,21.1
OH,Montgomery County,21.1
SC,Spartanburg County,21
AR,Howard County,20.9
NC,Cleveland County,20.9
NY,Queens County,20.8
GA,Lee County,20.7
FL,Taylor County,20.7
GA,Wayne County,20.7
SC,Cherokee County,20.7
MI,Genesee County,20.6
TX,Robertson County,20.6
MS,Lamar County,20.6
TX,Gregg County,20.5
FL,Alachua County,20.5
LA,Plaquemines Parish,20.4
TX,Madison County,20.3
AL,Randolph County,20.2
MS,Rankin County,20.2
FL,Saint Lucie County,20.2
MS,Perry County,20.2
TX,Newton County,20.1
NC,Pamlico County,20.1
NC,Lee County,20.1
VA,Virginia Beach,20
VA,Appomattox County,19.9
TN,Hamilton County,19.8
MS,Stone County,19.8
OH,Lucas County,19.7
TN,Montgomery County,19.7
AR,Little River County,19.7
MS,Webster County,19.7
AL,Dale County,19.7
FL,Liberty County,19.7
GA,Appling County,19.7
GA,Camden County,19.5
NC,Alamance County,19.5
SC,York County,19.5
TX,Harris County,19.5
MI,Saginaw County,19.4
GA,Chattahoochee County,19.3
IL,Brown County,19.2
VA,Charlottesville,19.2
FL,Bradford County,19.1
FL,Gulf County,19.1
SC,Beaufort County,19.1
GA,Carroll County,19.1
VA,Amherst County,19.1
NC,Rockingham County,19
NC,Montgomery County,19
LA,Terrebonne Parish,19
PA,Forest County,19
FL,Miami-Dade County,18.9
GA,Hart County,18.8
FL,Palm Beach County,18.8
KS,Geary County,18.8
MD,Montgomery County,18.8
TN,Tipton County,18.7
PA,Dauphin County,18.7
AL,Autauga County,18.7
TN,Gibson County,18.6
MD,Howard County,18.6
SC,Greenville County,18.5
FL,Columbia County,18.5
LA,Acadia Parish,18.3
NY,New York County,18.3
TX,Nacogdoches County,18.3
TX,Limestone County,18.1
IL,Peoria County,18.1
GA,Paulding County,18
GA,Coweta County,18
VA,Stafford County,18
TX,Washington County,18
TX,Smith County,17.9
GA,Atkinson County,17.9
OK,Comanche County,17.8
VA,Roanoke County,17.7388
VA,Middlesex County,17.7
GA,Oglethorpe County,17.7
VA,Goochland County,17.7
AL,Coffee County,17.7
TX,Rusk County,17.7
AR,Jackson County,17.6
TX,Shelby County,17.6
FL,Hillsborough County,17.5
VA,King William County,17.5
NJ,Burlington County,17.5
TX,Red River County,17.4
TX,Coryell County,17.4
NJ,Atlantic County,17.3
VA,King George County,17.3
IL,Macon County,17.1
TX,Cass County,17.1
NC,Cabarrus County,17.1
GA,Harris County,17.1
LA,Jefferson Davis Parish,17.1
LA,Caldwell Parish,17
GA,Walton County,17
GA,Columbia County,16.9
TX,Camp County,16.9
LA,Sabine Parish,16.9
NC,Pender County,16.8
MS,Tippah County,16.7
VA,Louisa County,16.7
FL,Putnam County,16.6
NC,Rowan County,16.6
MD,Anne Arundel County,16.6
SC,Anderson County,16.6
TX,Jasper County,16.6
GA,Bacon County,16.5
TX,Grimes County,16.5
TX,Freestone County,16.5
AL,Colbert County,16.3
LA,West Carroll Parish,16.3
TX,Tarrant County,16.2
NC,Gaston County,16.1
VA,Spotsylvania County,16.1
NY,Monroe County,16.1
NY,Westchester County,16.1
TX,Panola County,16
NC,Johnston County,16
LA,Grant Parish,16
OH,Mahoning County,15.9
MO,New Madrid County,15.8
VA,Culpeper County,15.8
NC,Onslow County,15.8
OK,Oklahoma County,15.7
TX,Angelina County,15.7
FL,Polk County,15.7
FL,Washington County,15.6
GA,Jeff Davis County,15.6
MS,Pontotoc County,15.6
IL,Kankakee County,15.5
AL,Etowah County,15.5
MI,Berrien County,15.4
GA,Bryan County,15.4
VA,Fluvanna County,15.4
SC,Lexington County,15.2
CT,Hartford County,15.2
FL,Lafayette County,15.2
FL,Wakulla County,15.2
MS,Union County,15.1
MD,Kent County,15.1
TX,McLennan County,15.1
NJ,Hudson County,15.1
PA,Monroe County,15.1
VA,Manassas,15.1
VA,Manassas Park,15
KY,Fayette County,15
VA,Williamsburg,15
TX,Cherokee County,15
IL,Jackson County,14.9
VA,Franklin County,14.8256
LA,Vernon Parish,14.8
CA,Solano County,14.8
OH,Summit County,14.8
NJ,Passaic County,14.8
GA,Floyd County,14.8
LA,Vermilion Parish,14.7
NJ,Salem County,14.7
NC,New Hanover County,14.6
TN,Dyer County,14.6
MD,Saint Mary's County,14.5
AL,Clay County,14.5
VA,Campbell County,14.5
MI,Oakland County,14.5
AR,Craighead County,14.5
MI,Muskegon County,14.4
FL,Franklin County,14.4
MD,Caroline County,14.3
MS,Prentiss County,14.2
CT,New Haven County,14.2
TX,Wharton County,14.1
GA,Effingham County,14
TN,Rutherford County,14
TX,Navarro County,14
FL,Glades County,14
NY,Erie County,13.9
VA,Colonial Heights,13.9
TN,Crockett County,13.7
MD,Worcester County,13.7
LA,Lafourche Parish,13.7
VA,New Kent County,13.7
NY,Albany County,13.7
SC,Horry County,13.7
FL,Calhoun County,13.6
VA,James City County,13.6
FL,Suwannee County,13.6
TX,Galveston County,13.6
TX,Brazoria County,13.5
LA,Beauregard Parish,13.5
AL,Limestone County,13.5
IL,Vermilion County,13.5
FL,Baker County,13.5
TX,Lamar County,13.5
TX,Colorado County,13.5
VA,York County,13.4
PA,Allegheny County,13.4
TX,Jones County,13.4
FL,Osceola County,13.4
MD,Harford County,13.4
MD,Talbot County,13.2
IN,Saint Joseph County,13.2
FL,Marion County,13.2
MD,Calvert County,13.2
FL,DeSoto County,13.2
VA,Orange County,13.2
FL,Hendry County,13.2
NC,Chatham County,13.1
NY,Rockland County,13.1
KY,Union County,13.1
TX,Burleson County,13.1
AL,Covington County,13
NC,Moore County,13
GA,Polk County,13
IL,Winnebago County,12.9
KY,Hardin County,12.8
MI,Washtenaw County,12.8
MS,Pearl River County,12.8
WV,Gilmer County,12.8
DE,Sussex County,12.8
VA,Covington,12.8
MO,Pulaski County,12.8
IL,Champaign County,12.8
MN,Hennepin County,12.6
VA,Powhatan County,12.6
NY,Nassau County,12.6
NC,Camden County,12.6
AL,Morgan County,12.5
VA,Nelson County,12.5
LA,La Salle Parish,12.5
MS,Alcorn County,12.5
IL,Sangamon County,12.4
OH,Allen County,12.4
FL,Seminole County,12.2
CT,Fairfield County,12.2
MI,Ingham County,12.2
NC,Iredell County,12.2
NC,Orange County,12.2
IN,Allen County,12.1
AL,Shelby County,12.1
NC,Union County,12.1
CA,Alameda County,12.1
AK,Aleutians East Borough,12
LA,St. Tammany Parish,12
VA,Staunton,12
TN,Maury County,12
AL,Fayette County,11.9
TX,Mitchell County,11.9
NY,Richmond County,11.9
IL,Will County,11.8
MO,Cole County,11.8
NY,Orange County,11.8
WI,Racine County,11.7
AR,Prairie County,11.7
NY,Onondaga County,11.7
MO,Scott County,11.7
GA,Barrow County,11.7
MN,Ramsey County,11.7
VA,Waynesboro,11.7
NV,Clark County,11.6
NE,Douglas County,11.6
AR,Hot Spring County,11.6
VA,Winchester,11.6
MO,DeKalb County,11.6
TX,Matagorda County,11.5
TX,Tyler County,11.5
MI,Luce County,11.5
FL,Flagler County,11.5
TX,Brazos County,11.4
AR,Cleveland County,11.4
AL,Lawrence County,11.4
TX,Polk County,11.4
AR,Conway County,11.4
IN,LaPorte County,11.4
MI,Kalamazoo County,11.4
RI,Providence County,11.4
OK,Osage County,11.3
TX,Lee County,11.3
NY,Schenectady County,11.3
AL,Lamar County,11.3
NC,Stanly County,11.3
GA,Stephens County,11.3
FL,Bay County,11.3
AR,Faulkner County,11.3
NJ,Middlesex County,11.2
OK,Choctaw County,11.2
NC,Brunswick County,11.2
MI,Calhoun County,11.1
FL,Volusia County,11.1
NY,Dutchess County,11.1
KY,Franklin County,11.1
GA,Berrien County,11.1
OK,Muskogee County,11
MI,Macomb County,11
MD,Washington County,10.9
FL,Clay County,10.9
TX,Liberty County,10.9
CA,Sacramento County,10.9
KY,McCracken County,10.9
CO,Arapahoe County,10.9
TX,Wichita County,10.9
GA,Bartow County,10.9
FL,Pinellas County,10.9
OK,Tulsa County,10.8
TN,Obion County,10.8
NJ,Gloucester County,10.8
MA,Hampden County,10.7
FL,Brevard County,10.7
GA,Heard County,10.7
TX,Kaufman County,10.7
TX,Potter County,10.6
FL,Highlands County,10.6
AL,Chilton County,10.6
FL,Lake County,10.6
GA,Pike County,10.5
GA,Chattooga County,10.4
TN,Giles County,10.4
TX,Cottle County,10.4
MI,Kent County,10.4
MO,Dunklin County,10.4
AL,Lauderdale County,10.4
TX,Titus County,10.3
TN,Carroll County,10.3
TX,San Jacinto County,10.3
CO,Denver County,10.2
IL,Lawrence County,10.1
TX,Childress County,10.1
FL,Okaloosa County,10.1
IL,Randolph County,10.1
TX,Milam County,10
MA,Plymouth County,10
VA,Fairfax County,9.90308
NJ,Somerset County,9.9
NC,Rutherford County,9.9
VA,Albemarle County,9.9
GA,Glascock County,9.9
NY,Sullivan County,9.8
TX,Trinity County,9.8
IL,Rock Island County,9.8
KY,Simpson County,9.7
TX,Ellis County,9.7
AL,Geneva County,9.7
TX,Austin County,9.6
VA,Lexington,9.6
MO,Boone County,9.6
TX,Collin County,9.6
GA,Franklin County,9.6
CA,Contra Costa County,9.6
IL,Stephenson County,9.6
VA,Hanover County,9.6
AL,Baldwin County,9.6
KS,Leavenworth County,9.6
TX,Denton County,9.6
TN,Chester County,9.5
FL,Levy County,9.5
TX,DeWitt County,9.5
CA,San Bernardino County,9.5
VA,Madison County,9.5
OH,Richland County,9.5
KS,Sedgwick County,9.5
AL,Saint Clair County,9.5
IN,Vanderburgh County,9.4
NC,Davidson County,9.4
PA,Montgomery County,9.4
FL,Indian River County,9.4
MD,Frederick County,9.4
KY,Warren County,9.4
GA,Madison County,9.4
FL,Manatee County,9.3
GA,Pierce County,9.3
CO,Crowley County,9.3
KY,Hickman County,9.2
VA,Mathews County,9.2
CA,Los Angeles County,9.2
FL,Dixie County,9.1
TN,Trousdale County,9.1
MI,Lake County,9.1
VA,Arlington County,9.1
FL,Lee County,9.1
VA,Radford,9.1
TX,Chambers County,9
IA,Black Hawk County,9
WV,McDowell County,9
TN,Knox County,9
OK,Logan County,9
OH,Clark County,9
TX,Travis County,8.9
OH,Lorain County,8.9
NC,Catawba County,8.9
IL,Jefferson County,8.9
FL,Okeechobee County,8.8
TX,Orange County,8.8
KS,Shawnee County,8.8
CA,Lassen County,8.8
OH,Erie County,8.8
IL,Perry County,8.8
OK,McCurtain County,8.7
TX,Karnes County,8.7
OK,Tillman County,8.7
TX,Wilbarger County,8.7
OH,Trumbull County,8.6
TX,Bee County,8.6
OK,Okmulgee County,8.6
IN,Madison County,8.5
AR,Garland County,8.5
KY,Todd County,8.5
IL,Johnson County,8.5
MS,George County,8.5
TX,Upshur County,8.5
KY,Marion County,8.4
MS,Hancock County,8.4
OK,Harmon County,8.4
VA,Gloucester County,8.4
PA,Lehigh County,8.4
VA,Harrisonburg,8.4
TX,Hunt County,8.4
TX,Swisher County,8.3
IL,Madison County,8.3
MI,Jackson County,8.3
TN,Bedford County,8.3
FL,Sumter County,8.3
NY,Suffolk County,8.3
TX,Bexar County,8.3
VA,Fauquier County,8.2
TN,Weakley County,8.2
MD,Allegany County,8.2
TN,Henry County,8.2
WV,Raleigh County,8.2
MA,Nantucket County,8.1
TN,Henderson County,8.1
OH,Butler County,8.1
IL,Logan County,8.1
CA,San Joaquin County,8.1
GA,Hall County,8.1
IL,Knox County,8
TX,Bastrop County,8
OK,Okfuskee County,8
AR,Poinsett County,8
TX,Delta County,8
TX,Guadalupe County,7.9
KY,Henderson County,7.9
TN,Robertson County,7.8
TX,Lubbock County,7.8
TX,Taylor County,7.8
KY,Boyle County,7.8
OK,Jackson County,7.8
MI,Baraga County,7.8
OH,Stark County,7.8
VA,Loudoun County,7.8
SC,Oconee County,7.8
OK,Greer County,7.7
KY,Shelby County,7.7
PA,Union County,7.7
IL,McLean County,7.7
NJ,Monmouth County,7.7
KY,Trigg County,7.7
MO,Cape Girardeau County,7.7
MO,Pike County,7.6
WV,Kanawha County,7.6
IL,DeKalb County,7.6
AK,Aleutians West Census Area,7.6
PA,Erie County,7.6
TX,Gonzales County,7.6
FL,Hardee County,7.6
TX,Sabine County,7.5
IL,Lake County,7.5
TX,Hartley County,7.5
WV,Berkeley County,7.5
TX,Leon County,7.5
TX,Hopkins County,7.5
IA,Scott County,7.5
TX,Hall County,7.5
TX,Garza County,7.4
MO,Cooper County,7.4
WA,Pierce County,7.4
IN,Clark County,7.4
IN,Howard County,7.3
CA,Kings County,7.3
WI,Kenosha County,7.3
NY,Rensselaer County,7.3
IN,Grant County,7.3
VA,Salem,7.3
OH,Greene County,7.3
TN,Lincoln County,7.2
CO,Bent County,7.2
IN,Vigo County,7.2
KY,Martin County,7.2
GA,Jackson County,7.2
FL,Collier County,7.2
TX,Jackson County,7.2
IN,Delaware County,7.1
OK,Carter County,7.1
NY,Niagara County,7.1
TN,Sumner County,7.1
OH,Fairfield County,7.1
VA,Galax,7
NM,Curry County,7
TX,Fannin County,7
MI,Eaton County,7
TX,Howard County,7
VA,Bedford County,7
TX,Caldwell County,7
CA,Riverside County,7
TX,Lavaca County,7
CO,El Paso County,7
TN,Wilson County,6.9
MA,Norfolk County,6.9
TX,Victoria County,6.9
VA,Greene County,6.9
MD,Queen Anne's County,6.9
MI,Alger County,6.9
TX,Fayette County,6.9
MO,Audrain County,6.9
MI,Chippewa County,6.9
KS,Riley County,6.9
TX,Hill County,6.9
TN,Marshall County,6.9
CT,New London County,6.9
SC,Pickens County,6.9
NC,Burke County,6.8
WV,Jefferson County,6.8
NJ,Bergen County,6.8
AR,Sebastian County,6.8
NY,Oneida County,6.8
NY,Chemung County,6.8
NY,Ulster County,6.8
MD,Cecil County,6.8
TX,Williamson County,6.8
MS,Itawamba County,6.8
FL,Holmes County,6.8
TX,Midland County,6.8
KY,Logan County,6.7
WA,King County,6.7
NY,Orleans County,6.7
IL,Kendall County,6.7
KY,Hopkins County,6.7
TX,Refugio County,6.7
PA,Berks County,6.7
IL,Pope County,6.7
TX,Henderson County,6.7
IA,Polk County,6.7
FL,Santa Rosa County,6.6
OH,Madison County,6.6
KY,Mason County,6.6
FL,Monroe County,6.6
AR,Saline County,6.6
NY,Jefferson County,6.6
GA,Cherokee County,6.6
VA,Norton,6.6
TX,Dawson County,6.6
IL,Bond County,6.5
FL,Nassau County,6.5
PA,York County,6.5
NY,Greene County,6.5
NC,Davie County,6.5
NC,Buncombe County,6.5
IL,Morgan County,6.4
PA,Chester County,6.4
AL,Walker County,6.4
PA,Beaver County,6.4
OH,Marion County,6.4
NY,Franklin County,6.4
MO,Platte County,6.4
KY,Bourbon County,6.3
LA,Livingston Parish,6.3
PA,Northampton County,6.3
MA,Essex County,6.3
PA,Pike County,6.3
CA,Kern County,6.3
WV,Mercer County,6.3
KY,Washington County,6.3
AK,Anchorage Municipality,6.3
NC,Randolph County,6.3
FL,Charlotte County,6.2
TX,Grayson County,6.2
NC,Carteret County,6.2
IN,Elkhart County,6.2
NE,Johnson County,6.2
AR,Lonoke County,6.2
NC,Currituck County,6.1
IL,Kane County,6.1
TX,Rockwall County,6.1
TN,Wayne County,6.1
TX,Knox County,6.1
TX,Hardeman County,6.1
OH,Ross County,6.1
NY,Wyoming County,6.1
TN,McNairy County,6
MO,Clay County,6
MO,Buchanan County,6
TN,Bledsoe County,6
IN,Hendricks County,6
TX,Dickens County,6
FL,Walton County,5.9
PA,Mercer County,5.9
TX,Collingsworth County,5.9
IA,Johnson County,5.9
NC,Alexander County,5.9
IA,Des Moines County,5.9
TX,Hale County,5.9
VA,Bristol,5.9
MO,Randolph County,5.9
CA,Fresno County,5.9
NC,Lincoln County,5.8
CA,San Francisco County,5.8
KY,Scott County,5.8
KY,McCreary County,5.8
KS,Montgomery County,5.8
IL,Massac County,5.8
OK,Hughes County,5.8
VA,Patrick County,5.8
AZ,Maricopa County,5.7
MN,Dakota County,5.7
FL,Martin County,5.7
FL,Saint Johns County,5.7
MN,Olmsted County,5.7
FL,Hernando County,5.7
NY,Broome County,5.7
TX,Hardin County,5.7
FL,Gilchrist County,5.7
KY,Lyon County,5.7
OR,Multnomah County,5.7
MO,Howard County,5.6
MI,Gratiot County,5.6
GA,Echols County,5.6
CA,San Diego County,5.6
FL,Pasco County,5.6
CO,Lincoln County,5.6
PA,Huntingdon County,5.6
MA,Middlesex County,5.5
IL,Livingston County,5.5
MO,Butler County,5.5
IN,Floyd County,5.5
KY,Caldwell County,5.5
TX,Reeves County,5.5
OH,Jefferson County,5.5
MN,Anoka County,5.4
NY,Seneca County,5.4
IL,McDonough County,5.4
MI,Cass County,5.4
CT,Middlesex County,5.4
WI,Dane County,5.4
AK,Fairbanks North Star Borough,5.4
GA,Oconee County,5.4
VA,Wise County,5.4
VA,Buena Vista,5.3
TX,Foard County,5.3
MA,Worcester County,5.3
VA,Pulaski County,5.3
IL,Lee County,5.3
KY,Nelson County,5.3
VA,Falls Church,5.3
WV,Summers County,5.2
TX,Terry County,5.2
IL,DuPage County,5.2
TN,Franklin County,5.2
TX,Gray County,5.2
KY,Taylor County,5.2
KY,Woodford County,5.2
MO,Saline County,5.2
KS,Atchison County,5.2
NY,Columbia County,5.2
TX,Nolan County,5.2
MO,Marion County,5.2
TX,Goliad County,5.2
VA,Clarke County,5.1
TX,Scurry County,5.1
TX,Cochran County,5.1
KS,Pawnee County,5.1
WI,Rock County,5.1
TX,Lamb County,5.1
TX,Donley County,5.1
KY,Clark County,5.1
VA,Warren County,5.1
KS,Ellsworth County,5.1
GA,Haralson County,5.1
NC,Caldwell County,5.1
TN,Hickman County,5.1
WV,Cabell County,5.1
FL,Sarasota County,5
TX,Wood County,5
VA,Bath County,5
KS,Johnson County,5
IN,Wayne County,5
KY,Muhlenberg County,5
KY,Daviess County,5
NJ,Cape May County,5
MO,Johnson County,4.9
TX,Ward County,4.9
TX,Live Oak County,4.9
PA,Luzerne County,4.9
TX,Montgomery County,4.9
KY,Kenton County,4.9
IL,Crawford County,4.9
IN,Tippecanoe County,4.9
TX,Ector County,4.9
MI,Ionia County,4.9
AZ,Pinal County,4.9
OK,Cleveland County,4.9
KY,Hart County,4.8
IN,Miami County,4.8
VA,Alleghany County,4.8
PA,Lancaster County,4.8
NV,White Pine County,4.8
OK,Kiowa County,4.8
TN,Bradley County,4.8
PA,Fayette County,4.8
IL,Fayette County,4.7
IN,Sullivan County,4.7
KY,Graves County,4.7
WV,Fayette County,4.7
AZ,Cochise County,4.7
PA,Lycoming County,4.7
MO,Callaway County,4.7
MO,Saint Charles County,4.7
MA,Bristol County,4.7
KY,Madison County,4.7
OK,Seminole County,4.6
AR,White County,4.6
TX,Haskell County,4.6
AL,Franklin County,4.6
VA,Frederick County,4.6
TX,Tom Green County,4.6
KS,Labette County,4.6
KS,Douglas County,4.6
SD,Minnehaha County,4.6
NV,Mineral County,4.6
AL,Cherokee County,4.6
VA,Rappahannock County,4.6
OH,Portage County,4.5
MI,Gogebic County,4.5
MO,Saint Francois County,4.5
TN,Williamson County,4.5
OK,Beckham County,4.5
NE,Sarpy County,4.5
GA,Walker County,4.5
NY,Clinton County,4.5
NC,Wilkes County,4.5
TN,Hamblen County,4.5
IA,Linn County,4.5
NC,Polk County,4.5
TX,Franklin County,4.5
AR,Sevier County,4.5
NJ,Warren County,4.5
TX,Crosby County,4.4
KY,Oldham County,4.4
GA,Whitfield County,4.4
NC,Avery County,4.4
KS,Graham County,4.4
TX,Hockley County,4.4
TN,Dickson County,4.4
TX,Nueces County,4.4
MN,Nobles County,4.4
GA,Gordon County,4.4
TX,Kleberg County,4.4
NY,Tompkins County,4.4
NM,Lea County,4.4
TX,Pecos County,4.4
MN,Washington County,4.3
NE,Dakota County,4.3
TX,Kenedy County,4.3
KY,Clay County,4.3
NY,Cayuga County,4.3
CA,Madera County,4.3
IL,Williamson County,4.3
CO,Logan County,4.3
TN,Washington County,4.3
NE,Dawson County,4.3
KY,Morgan County,4.3
KY,Webster County,4.3
OK,Alfalfa County,4.3
TN,Anderson County,4.2
NV,Pershing County,4.2
MI,Van Buren County,4.2
IN,Putnam County,4.2
TX,Floyd County,4.2
NC,Stokes County,4.2
AL,Marion County,4.2
OH,Belmont County,4.2
TX,Jack County,4.2
KS,Seward County,4.2
KY,Barren County,4.2
IA,Webster County,4.2
VA,Montgomery County,4.2
NM,Otero County,4.2
VA,Lee County,4.2
VA,Augusta County,4.2
CA,Merced County,4.2
MO,Moniteau County,4.1
IL,Saline County,4.1
PA,Bucks County,4.1
NC,McDowell County,4.1
TX,Lampasas County,4.1
AZ,Pima County,4.1
IL,Coles County,4.1
IL,Marion County,4.1
KY,Calloway County,4.1
MN,Rice County,4.1
NC,Surry County,4.1
TN,Marion County,4.1
TN,McMinn County,4.1
TX,Hays County,4.1
IN,Hamilton County,4.1
RI,Newport County,4.1
PA,Lawrence County,4.1
NC,Transylvania County,4.1
LA,Cameron Parish,4.1
TX,El Paso County,4
CA,Yuba County,4
CO,Fremont County,4
MO,Cass County,4
OH,Muskingum County,4
GA,Habersham County,4
ND,Ward County,4
OK,Atoka County,4
KY,Mercer County,3.9
MN,Stearns County,3.9
KY,Meade County,3.9
NE,Lancaster County,3.9
TX,Reagan County,3.9
OK,Payne County,3.9
OK,Wagoner County,3.9
OH,Lake County,3.9
IL,Fulton County,3.9
PA,Franklin County,3.9
TX,Frio County,3.9
WV,Monongalia County,3.9
TX,Fisher County,3.8
IL,Cass County,3.8
IN,Porter County,3.8
TN,Coffee County,3.8
TX,Stonewall County,3.8
PA,Centre County,3.8
PA,Cumberland County,3.8
TX,Brown County,3.8
ME,Androscoggin County,3.8
OH,Ashtabula County,3.8
OH,Licking County,3.8
MA,Dukes County,3.7
VA,Bland County,3.7
TN,Hardin County,3.7
IL,Adams County,3.7
IL,Clinton County,3.7
CO,Adams County,3.7
ND,Cass County,3.7
MO,Texas County,3.7
OH,Pickaway County,3.7
TN,Morgan County,3.7
WV,Ohio County,3.7
AL,Cleburne County,3.6
OK,Pittsburg County,3.6
KS,Saline County,3.6
CT,Tolland County,3.6
AL,Jackson County,3.6
MN,Scott County,3.6
MD,Carroll County,3.6
TX,Oldham County,3.6
NJ,Morris County,3.6
TN,Warren County,3.6
PA,Wayne County,3.6
OK,Texas County,3.6
NV,Lincoln County,3.5
NJ,Ocean County,3.5
IN,Monroe County,3.5
MN,Blue Earth County,3.5
WV,Marion County,3.5
AR,Washington County,3.5
PA,Cambria County,3.5
GA,Forsyth County,3.5
OH,Delaware County,3.5
ND,Grand Forks County,3.5
KY,Elliott County,3.5
CA,Del Norte County,3.5
GA,Brantley County,3.5
MN,Kandiyohi County,3.5
PA,Greene County,3.5
NC,Yadkin County,3.5
IL,Schuyler County,3.5
CA,Monterey County,3.5
OH,Warren County,3.5
VA,Botetourt County,3.5
AR,Pike County,3.5
CA,Imperial County,3.5
KY,Jessamine County,3.5
OK,Blaine County,3.5
VA,Tazewell County,3.4
MN,Mower County,3.4
WY,Laramie County,3.4
WA,Thurston County,3.4
NC,Henderson County,3.4
KS,Doniphan County,3.4
IL,Montgomery County,3.4
NY,Washington County,3.4
OK,Custer County,3.4
MO,Pettis County,3.4
OK,Garfield County,3.4
NM,Bernalillo County,3.4
KS,Reno County,3.4
PA,Lebanon County,3.3
OK,Woods County,3.3
KS,Finney County,3.3
PA,Lackawanna County,3.3
MO,Lewis County,3.3
CA,Stanislaus County,3.3
PA,Schuylkill County,3.3
NY,Wayne County,3.3
OK,Craig County,3.3
KS,Bourbon County,3.3
MI,Manistee County,3.3
PA,Sullivan County,3.2
TX,Johnson County,3.2
TX,Cooke County,3.2
PA,Washington County,3.2
OK,McIntosh County,3.2
TX,Randall County,3.2
IA,Clinton County,3.2
OH,Sandusky County,3.2
KY,Larue County,3.2
NY,Putnam County,3.2
AR,Pope County,3.2
ID,Elmore County,3.2
NY,Essex County,3.2
WI,Adams County,3.2
MO,Livingston County,3.2
OK,Pottawatomie County,3.2
MO,Greene County,3.2
NY,Genesee County,3.2
KY,Boone County,3.2
TN,Houston County,3.2
KY,Ballard County,3.1
KY,Campbell County,3.1
MA,Berkshire County,3.1
TX,Van Zandt County,3.1
CO,Morgan County,3.1
FL,Citrus County,3.1
IA,Lee County,3.1
IN,Knox County,3.1
KS,Norton County,3.1
TX,Baylor County,3.1
WV,Mineral County,3.1
TX,Calhoun County,3.1
WI,Dodge County,3.1
HI,Honolulu County,3.1
WA,Snohomish County,3.1
KY,Boyd County,3.1
TX,Winkler County,3
CA,Yolo County,3
NY,Livingston County,3
IA,Dubuque County,3
KY,Adair County,3
TX,Crane County,3
MI,Mecosta County,3
PA,Clearfield County,3
TX,Moore County,3
OH,Morgan County,3
MA,Hampshire County,3
CA,San Mateo County,3
TN,Blount County,3
OK,Caddo County,3
WV,Hardy County,3
TN,Decatur County,3
NC,Dare County,3
KY,Montgomery County,3
KS,Cowley County,3
TX,Hutchinson County,3
KS,Ford County,3
VA,Wythe County,2.9
WA,Island County,2.9
TX,Briscoe County,2.9
WA,Kitsap County,2.9
CA,Santa Clara County,2.9
NE,Colfax County,2.9
OK,Canadian County,2.9
KY,Henry County,2.9
TX,Rains County,2.9
IA,Buena Vista County,2.9
ME,Cumberland County,2.9
WV,Greenbrier County,2.9
CA,Marin County,2.9
GA,Banks County,2.9
IN,Perry County,2.9
PA,Indiana County,2.9
CT,Windham County,2.9
OK,Garvin County,2.8
VA,Buchanan County,2.8
TX,Wheeler County,2.8
MI,Saint Joseph County,2.8
KY,Menifee County,2.8
GA,Catoosa County,2.8
TX,Medina County,2.8
IA,Story County,2.8
MI,Lenawee County,2.8
KS,Lyon County,2.8
TX,McCulloch County,2.8
KY,Cumberland County,2.8
IA,Woodbury County,2.8
MS,Tishomingo County,2.8
PA,Somerset County,2.8
TX,Coleman County,2.8
OH,Noble County,2.8
WA,Franklin County,2.8
MO,Monroe County,2.8
AR,Grant County,2.8
OH,Wood County,2.8
TN,Humphreys County,2.7
AL,Marshall County,2.7
OH,Scioto County,2.7
MO,Nodaway County,2.7
OK,Washington County,2.7
OH,Athens County,2.7
MI,Isabella County,2.7
IN,Henry County,2.7
MN,Steele County,2.7
TX,Willacy County,2.7
OH,Union County,2.7
NV,Nye County,2.7
TN,Roane County,2.7
TX,Upton County,2.7
IL,Boone County,2.7
NE,Hall County,2.7
AZ,Yuma County,2.7
NY,Montgomery County,2.7
NY,Chautauqua County,2.7
NJ,Hunterdon County,2.7
VA,Rockbridge County,2.7
NM,Sandoval County,2.6
OK,Grady County,2.6
NH,Hillsborough County,2.6
OH,Gallia County,2.6
OH,Seneca County,2.6
TX,Concho County,2.6
TX,Stephens County,2.6
MI,Saint Clair County,2.6
PA,Northumberland County,2.6
IN,Parke County,2.6
TX,Runnels County,2.6
TX,Castro County,2.6
KY,Lee County,2.6
NY,Ontario County,2.6
NV,Washoe County,2.6
IA,Henry County,2.6
WV,Hancock County,2.6
NE,Banner County,2.6
PA,McKean County,2.6
TX,San Saba County,2.5
TX,Palo Pinto County,2.5
CA,Sutter County,2.5
MN,Benton County,2.5
OH,Columbiana County,2.5
MN,Lyon County,2.5
NY,Saint Lawrence County,2.5
OH,Fayette County,2.5
CO,Pueblo County,2.5
PA,Westmoreland County,2.5
MA,Barnstable County,2.5
AK,Yakutat City and Borough,2.5
NM,Roosevelt County,2.5
TX,Eastland County,2.5
NM,Chaves County,2.5
WI,Brown County,2.5
TN,Benton County,2.5
MN,Waseca County,2.5
OK,Pontotoc County,2.5
TX,Lynn County,2.5
CO,Kit Carson County,2.5
TX,Burnet County,2.4
VA,Shenandoah County,2.4
VT,Chittenden County,2.4
WV,Pendleton County,2.4
CA,Santa Barbara County,2.4
MI,Montcalm County,2.4
OK,Creek County,2.4
TN,Monroe County,2.4
MI,Monroe County,2.4
CA,Napa County,2.4
KY,Lincoln County,2.4
MO,Lafayette County,2.4
GA,White County,2.4
MO,Jasper County,2.4
KY,Bell County,2.4
TN,Sullivan County,2.4
ND,Williams County,2.4
TN,Perry County,2.4
IL,Warren County,2.4
TN,Putnam County,2.4
MO,Warren County,2.4
VA,Smyth County,2.4
MO,Phelps County,2.4
MN,Pine County,2.4
MN,Nicollet County,2.4
WI,Juneau County,2.4
IA,Page County,2.4
TN,Jefferson County,2.4
MO,Washington County,2.4
KY,Monroe County,2.3
TX,Comal County,2.3
OK,Nowata County,2.3
KY,Harlan County,2.3
NC,Jackson County,2.3
IN,Bartholomew County,2.3
VA,Grayson County,2.3
IL,LaSalle County,2.3
KS,Crawford County,2.3
OK,Le Flore County,2.3
IA,Jones County,2.3
IA,Crawford County,2.3
IN,Hancock County,2.3
MO,Macon County,2.3
TN,Johnson County,2.3
OH,Champaign County,2.3
TX,Martin County,2.3
MO,Chariton County,2.3
OH,Clinton County,2.3
WA,Whitman County,2.3
OK,Cotton County,2.3
KY,Harrison County,2.3
TN,Moore County,2.3
OK,Kay County,2.3
AR,Independence County,2.3
CA,Tulare County,2.2
WI,Jackson County,2.2
TN,Lewis County,2.2
CA,Ventura County,2.2
MI,Branch County,2.2
KS,Allen County,2.2
NY,Otsego County,2.2
NV,Carson City,2.2
OH,Miami County,2.2
NM,Guadalupe County,2.2
AR,Perry County,2.2
KY,Breckinridge County,2.2
WA,Clark County,2.2
OH,Lawrence County,2.2
CA,San Luis Obispo County,2.2
IA,Muscatine County,2.2
OH,Harrison County,2.2
TX,Andrews County,2.2
OH,Defiance County,2.2
NV,Churchill County,2.2
TX,San Patricio County,2.2
KY,Green County,2.2
OR,Washington County,2.2
TX,Gaines County,2.2
NJ,Sussex County,2.2
VA,Page County,2.2
KY,Anderson County,2.2
NM,Do√±a Ana County,2.2
TN,Rhea County,2.2
KY,Garrard County,2.2
TN,Greene County,2.2
IA,Wapello County,2.2
OH,Shelby County,2.2
NM,Torrance County,2.2
WA,Walla Walla County,2.1
MO,Carroll County,2.1
CA,Tuolumne County,2.1
TN,DeKalb County,2.1
VA,Rockingham County,2.1
TN,Smith County,2.1
OK,Woodward County,2.1
OK,Johnston County,2.1
CA,Orange County,2.1
AZ,Graham County,2.1
OK,Stephens County,2.1
AR,Johnson County,2.1
AL,DeKalb County,2.1
CA,Lake County,2.1
MN,Sherburne County,2.1
CA,Amador County,2.1
AR,Yell County,2.1
OK,Love County,2.1
PA,Columbia County,2.1
TX,Motley County,2.1
IN,Gibson County,2.1
WI,Waushara County,2.1
TX,Dallam County,2
IA,Floyd County,2
TX,Bosque County,2
NY,Madison County,2
IA,Decatur County,2
IN,Jefferson County,2
WI,Crawford County,2
IA,Marshall County,2
NM,Union County,2
TX,Kerr County,2
IN,Cass County,2
TX,Deaf Smith County,2
NY,Delaware County,2
TX,Val Verde County,2
WI,Winnebago County,2
WV,Logan County,2
OK,Sequoyah County,2
TN,White County,2
TX,Aransas County,2
TN,Cocke County,2
UT,Salt Lake County,2
MO,Lincoln County,2
NY,Fulton County,2
NY,Cortland County,1.9
AR,Benton County,1.9
IA,Jasper County,1.9
IA,Calhoun County,1.9
PA,Adams County,1.9
WV,Mingo County,1.9
PA,Blair County,1.9
CO,Alamosa County,1.9
IL,Henry County,1.9
MI,Clinton County,1.9
KS,Butler County,1.9
TX,Terrell County,1.9
KS,Harvey County,1.9
OK,Bryan County,1.9
IA,Jefferson County,1.9
SD,Yankton County,1.9
KY,Carroll County,1.9
VA,Floyd County,1.9
MO,Adair County,1.9
TX,Crockett County,1.9
NV,Esmeralda County,1.9
PA,Carbon County,1.9
GA,Lumpkin County,1.9
PA,Crawford County,1.9
KY,Rowan County,1.9
WA,Spokane County,1.9
NC,Alleghany County,1.9
CA,Sonoma County,1.9
IL,Pike County,1.9
WV,Doddridge County,1.9
CO,Costilla County,1.9
KY,Metcalfe County,1.9
NC,Watauga County,1.9
TN,Stewart County,1.9
OK,Lincoln County,1.9
NM,Eddy County,1.9
NM,San Miguel County,1.9
NE,Wayne County,1.9
SD,Meade County,1.9
TX,Jeff Davis County,1.9
RI,Kent County,1.9
TN,Cheatham County,1.9
IN,Johnson County,1.9
AL,Blount County,1.8
KY,Edmonson County,1.8
OH,Hancock County,1.8
NC,Macon County,1.8
CA,Butte County,1.8
WI,Sheboygan County,1.8
NC,Madison County,1.8
NE,Dawes County,1.8
IA,Dallas County,1.8
NM,Quay County,1.8
AR,Izard County,1.8
NY,Saratoga County,1.8
TX,Hudspeth County,1.8
KS,Barton County,1.8
PA,Clinton County,1.8
CO,Gilpin County,1.8
KY,Spencer County,1.8
TN,Lawrence County,1.8
TX,Kinney County,1.8
KY,Gallatin County,1.8
KY,Wayne County,1.8
TX,Lipscomb County,1.8
CT,Litchfield County,1.8
OK,Marshall County,1.8
WA,Grant County,1.8
CO,Las Animas County,1.8
KS,Rice County,1.8
OH,Logan County,1.8
TX,Schleicher County,1.8
MI,Ottawa County,1.8
AK,Denali Borough,1.8
OK,Noble County,1.8
WY,Albany County,1.8
AZ,Greenlee County,1.8
CO,Chaffee County,1.7
KY,Perry County,1.7
NE,Madison County,1.7
TX,Bailey County,1.7
TX,Erath County,1.7
WV,Harrison County,1.7
WY,Natrona County,1.7
TX,Glasscock County,1.7
OK,Murray County,1.7
MI,Bay County,1.7
CA,Placer County,1.7
SD,Beadle County,1.7
OH,Wayne County,1.7
TN,Cannon County,1.7
MT,Cascade County,1.7
NM,Luna County,1.7
TX,Wilson County,1.7
MN,Clay County,1.7
NM,Valencia County,1.7
ND,Stark County,1.7
TX,Parmer County,1.7
MO,Sullivan County,1.7
MI,Marquette County,1.7
IL,Whiteside County,1.7
GA,Pickens County,1.7
TX,Menard County,1.7
TX,Dimmit County,1.7
TX,Armstrong County,1.7
TX,Parker County,1.7
MN,Watonwan County,1.7
VA,Giles County,1.6
NY,Steuben County,1.6
NC,Cherokee County,1.6
WI,Chippewa County,1.6
MI,Mackinac County,1.6
GA,Rabun County,1.6
MO,Iron County,1.6
AR,Crawford County,1.6
SD,Brown County,1.6
IN,Fayette County,1.6
PA,Montour County,1.6
AK,Petersburg Borough,1.6
TN,Carter County,1.6
KS,Brown County,1.6
OH,Guernsey County,1.6
MO,Montgomery County,1.6
TN,Meigs County,1.6
AZ,Coconino County,1.6
KS,Edwards County,1.6
MN,Carver County,1.6
KY,Fleming County,1.6
SD,Pennington County,1.6
MO,McDonald County,1.6
TX,Wise County,1.6
NE,York County,1.6
NE,Saline County,1.6
TX,Young County,1.6
TN,Loudon County,1.6
MN,Saint Louis County,1.6
UT,Weber County,1.6
OK,Kingfisher County,1.6
IL,Christian County,1.6
WV,Brooke County,1.6
SD,Clay County,1.6
TN,Clay County,1.6
AK,Juneau City and Borough,1.6
MN,Carlton County,1.6
WA,Benton County,1.6
IA,Pottawattamie County,1.6
TX,Yoakum County,1.6
NV,Storey County,1.6
WI,Fond du Lac County,1.6
MO,Clinton County,1.6
IN,Warrick County,1.6
NY,Cattaraugus County,1.5
WV,Pleasants County,1.5
OR,Malheur County,1.5
KY,Carlisle County,1.5
TX,Presidio County,1.5
TX,Callahan County,1.5
MN,Winona County,1.5
WI,La Crosse County,1.5
KY,Trimble County,1.5
ND,Barnes County,1.5
AK,Kodiak Island Borough,1.5
NY,Schoharie County,1.5
IL,Grundy County,1.5
WY,Sweetwater County,1.5
OK,Cherokee County,1.5
WV,Randolph County,1.5
TX,Irion County,1.5
WA,Yakima County,1.5
TN,Hawkins County,1.5
WI,Columbia County,1.5
AR,Logan County,1.5
VA,Washington County,1.5
WI,Ozaukee County,1.5
SD,Brookings County,1.5
WI,Monroe County,1.5
OH,Clermont County,1.5
KY,Bath County,1.5
WY,Carbon County,1.5
NV,Elko County,1.5
AK,Southeast Fairbanks Census Area,1.5
IN,Boone County,1.5
IA,Hardin County,1.5
AK,North Slope Borough,1.5
OH,Highland County,1.5
MO,Henry County,1.4
OH,Medina County,1.4
GA,Dade County,1.4
OR,Marion County,1.4
TX,Atascosa County,1.4
CO,Douglas County,1.4
MI,Midland County,1.4
WA,Adams County,1.4
OH,Huron County,1.4
IA,Winnebago County,1.4
TX,Duval County,1.4
WI,Lincoln County,1.4
IA,Poweshiek County,1.4
CO,Broomfield County,1.4
IL,McHenry County,1.4
RI,Washington County,1.4
MI,Allegan County,1.4
MA,Franklin County,1.4
KS,Pottawatomie County,1.4
WI,Waukesha County,1.4
TX,Brewster County,1.4
TX,McMullen County,1.4
WA,Mason County,1.4
CA,Humboldt County,1.4
GA,Murray County,1.4
NM,Cibola County,1.4
KS,Pratt County,1.4
MO,Ray County,1.4
IA,Allamakee County,1.4
SD,Clark County,1.4
CA,Santa Cruz County,1.4
NH,Merrimack County,1.4
UT,Davis County,1.4
MO,Taney County,1.4
CO,Weld County,1.4
AL,Cullman County,1.4
CA,Siskiyou County,1.4
WA,Grays Harbor County,1.4
TX,Shackelford County,1.4
MN,Polk County,1.4
KS,Franklin County,1.4
IA,Cerro Gordo County,1.4
IL,Tazewell County,1.3
TX,Llano County,1.3
NM,Socorro County,1.3
WI,Outagamie County,1.3
SD,Bon Homme County,1.3
NY,Allegany County,1.3
AZ,Mohave County,1.3
WV,Hampshire County,1.3
MI,Grand Traverse County,1.3
AZ,Navajo County,1.3
WY,Sublette County,1.3
SD,Lincoln County,1.3
KS,Neosho County,1.3
WI,Grant County,1.3
KS,Miami County,1.3
KY,Hancock County,1.3
NM,Hidalgo County,1.3
NV,Lyon County,1.3
KS,Sumner County,1.3
KY,Pulaski County,1.3
NC,Swain County,1.3
PA,Butler County,1.3
WI,Walworth County,1.3
TX,Sterling County,1.3
WV,Preston County,1.3
OH,Geauga County,1.3
MN,Chisago County,1.3
KY,Knox County,1.3
CA,San Benito County,1.3
MN,Stevens County,1.3
MI,Newaygo County,1.3
MN,Pennington County,1.3
CO,Jefferson County,1.3
KS,Chase County,1.3
TX,Zavala County,1.3
IA,Mahaska County,1.3
TX,Culberson County,1.3
AK,Matanuska-Susitna Borough,1.3
ID,Ada County,1.3
OK,Rogers County,1.3
WY,Teton County,1.2
MN,Goodhue County,1.2
MN,Pipestone County,1.2
NC,Haywood County,1.2
WY,Goshen County,1.2
TX,Somervell County,1.2
OH,Washington County,1.2
NY,Warren County,1.2
GA,Towns County,1.2
WV,Wood County,1.2
OH,Williams County,1.2
NV,Humboldt County,1.2
IA,Boone County,1.2
NH,Strafford County,1.2
KY,Grayson County,1.2
CA,Colusa County,1.2
NM,Santa Fe County,1.2
PA,Venango County,1.2
PA,Fulton County,1.2
PA,Snyder County,1.2
IA,Fayette County,1.2
OH,Coshocton County,1.2
NY,Herkimer County,1.2
WI,Douglas County,1.2
TN,Sevier County,1.2
MO,Ralls County,1.2
SD,Marshall County,1.2
MI,Tuscola County,1.2
IN,Shelby County,1.2
KS,Marion County,1.2
TX,Uvalde County,1.2
OK,Grant County,1.2
CO,Garfield County,1.2
TN,Claiborne County,1.2
NV,Eureka County,1.2
AZ,La Paz County,1.2
MN,Wright County,1.2
TX,Sherman County,1.2
VA,Poquoson,1.2
WA,Kittitas County,1.2
IL,Menard County,1.2
WA,Whatcom County,1.2
ND,McKenzie County,1.2
CA,Modoc County,1.2
MO,Stoddard County,1.2
ND,Burleigh County,1.2
NM,Grant County,1.2
OK,Ottawa County,1.2
NC,Yancey County,1.2
OK,Washita County,1.2
KS,McPherson County,1.2
NY,Schuyler County,1.2
CA,Glenn County,1.2
OK,Latimer County,1.2
CO,Otero County,1.2
CO,Custer County,1.2
MI,Lapeer County,1.2
CA,Plumas County,1.2
VT,Windham County,1.2
CO,Larimer County,1.1
TX,Brooks County,1.1
IL,Union County,1.1
SD,Fall River County,1.1
IL,Carroll County,1.1
RI,Bristol County,1.1
AK,Sitka City and Borough,1.1
OR,Benton County,1.1
OH,Pike County,1.1
MN,Otter Tail County,1.1
OR,Yamhill County,1.1
WY,Niobrara County,1.1
WY,Park County,1.1
WY,Crook County,1.1
MO,Webster County,1.1
NC,Clay County,1.1
TX,Mills County,1.1
NE,Nemaha County,1.1
TX,Blanco County,1.1
MO,Jefferson County,1.1
CO,Baca County,1.1
KY,Allen County,1.1
TX,Throckmorton County,1.1
IN,Kosciusko County,1.1
NY,Oswego County,1.1
TX,La Salle County,1.1
PA,Clarion County,1.1
SD,Union County,1.1
NE,Dodge County,1.1
OR,Lane County,1.1
MT,Powell County,1.1
TX,Kent County,1.1
OH,Paulding County,1.1
WV,Putnam County,1.1
MO,Bates County,1.1
NE,Buffalo County,1.1
CA,Shasta County,1.1
TX,Archer County,1.1
KS,Wichita County,1.1
OK,Jefferson County,1.1
CA,Mariposa County,1.1
KY,Bullitt County,1.1
MD,Garrett County,1.1
KS,Russell County,1.1
IN,Orange County,1.1
IL,Iroquois County,1.1
IL,Macoupin County,1.1
OR,Umatilla County,1.1
WI,Washington County,1.1
WV,Pocahontas County,1.1
TX,Kendall County,1.1
MN,Freeborn County,1.1
NH,Grafton County,1.1
WV,Taylor County,1.1
CO,Boulder County,1.1
IL,Ogle County,1.1
ND,Stutsman County,1.1
ID,Latah County,1.1
CO,Rio Blanco County,1.1
IL,Greene County,1.1
CO,Summit County,1
WA,Jefferson County,1
MO,Polk County,1
IN,Daviess County,1
AK,Northwest Arctic Borough,1
WI,Eau Claire County,1
IA,Marion County,1
KS,Dickinson County,1
ID,Power County,1
ND,Dickey County,1
CA,El Dorado County,1
WA,Pacific County,1
CO,Eagle County,1
KY,Ohio County,1
OK,Pushmataha County,1
IN,Rush County,1
CO,Phillips County,1
KS,Ellis County,1
KY,Owen County,1
IA,Bremer County,1
TX,Ochiltree County,1
IN,Posey County,1
VA,Russell County,1
SD,Deuel County,1
OH,Ottawa County,1
OH,Brown County,1
SD,Hughes County,1
AL,Winston County,1
KY,Greenup County,1
CA,Inyo County,1
WI,Forest County,1
IL,Ford County,1
KS,Logan County,1
CO,Mesa County,1
KY,Floyd County,1
WI,Barron County,1
CA,Mendocino County,1
CO,Huerfano County,1
WV,Barbour County,1
NY,Yates County,1
MN,Cottonwood County,1
TX,Coke County,1
NM,Lincoln County,1
NE,Lincoln County,1
NE,Adams County,1
WY,Sheridan County,1
SD,Grant County,1
KY,Grant County,1
OH,Crawford County,1
TX,Jim Wells County,1
WI,Jefferson County,1
OR,Jefferson County,1
TX,Mason County,1
MO,Franklin County,1
IA,Emmet County,1
KS,Sherman County,1
VT,Addison County,1
NM,McKinley County,1
OH,Van Wert County,1
NC,Ashe County,1
IA,Sioux County,1
IA,Louisa County,1
IN,Jackson County,1
MO,Morgan County,1
KY,Crittenden County,1
WY,Converse County,1
SD,Lawrence County,1
AR,Lawrence County,1
IA,Union County,1
SD,Lake County,1
TX,Comanche County,1
CA,Calaveras County,1
OR,Clackamas County,1
MO,Newton County,1
WA,Clallam County,1
TX,Hamilton County,1
NY,Chenango County,1
NM,Mora County,1
SD,Davison County,1
UT,Sanpete County,1
IN,Montgomery County,1
MN,Wadena County,1
TX,Hansford County,1
IN,Benton County,1
VT,Bennington County,1
NY,Hamilton County,1
OH,Knox County,1
CA,Tehama County,1
OH,Hardin County,1
AK,Lake and Peninsula Borough,1
VT,Washington County,0.9
HI,Maui County,0.9
MI,Mason County,0.9
NE,Scotts Bluff County,0.9
MI,Houghton County,0.9
NE,Stanton County,0.9
OK,Major County,0.9
WV,Upshur County,0.9
IL,Bureau County,0.9
IL,Wabash County,0.9
AR,Franklin County,0.9
WY,Uinta County,0.9
IN,Jasper County,0.9
OH,Ashland County,0.9
IA,Pocahontas County,0.9
OK,Beaver County,0.9
SD,Stanley County,0.9
KS,Decatur County,0.9
MO,Ste. Genevieve County,0.9
KS,Chautauqua County,0.9
KY,Knott County,0.9
KS,Kiowa County,0.9
KS,Stanton County,0.9
AZ,Yavapai County,0.9
WA,Skagit County,0.9
VT,Windsor County,0.9
IA,Cherokee County,0.9
AZ,Gila County,0.9
GA,Union County,0.9
NV,Douglas County,0.9
OK,Pawnee County,0.9
AZ,Apache County,0.9
IN,Steuben County,0.9
AK,Ketchikan Gateway Borough,0.9
OR,Morrow County,0.9
IA,Worth County,0.9
KS,Hodgeman County,0.9
MO,Reynolds County,0.9
AZ,Santa Cruz County,0.9
NM,Colfax County,0.9
WY,Campbell County,0.9
WY,Big Horn County,0.9
TX,Hidalgo County,0.9
TX,Cameron County,0.9
TX,Bandera County,0.9
HI,Hawaii County,0.9
WV,Grant County,0.9
KS,Haskell County,0.9
ND,Morton County,0.9
AR,Randolph County,0.9
ND,Mountrail County,0.9
PA,Armstrong County,0.9
IA,Washington County,0.9
NY,Tioga County,0.9
PA,Tioga County,0.9
IA,O'Brien County,0.9
NE,Red Willow County,0.9
GA,Dawson County,0.9
KS,Jackson County,0.9
IA,Franklin County,0.9
OK,McClain County,0.9
TX,Clay County,0.9
AR,Greene County,0.9
CO,Clear Creek County,0.9
SD,Haakon County,0.9
OH,Tuscarawas County,0.9
KS,Ottawa County,0.9
TX,Carson County,0.9
TX,Sutton County,0.9
VA,Carroll County,0.9
WA,Cowlitz County,0.9
WV,Mason County,0.9
IN,Jennings County,0.9
IN,Pulaski County,0.9
IA,Clarke County,0.9
MO,Laclede County,0.9
UT,Tooele County,0.9
NV,Lander County,0.9
NH,Rockingham County,0.9
KS,Grant County,0.9
TX,Real County,0.9
NM,Rio Arriba County,0.9
KS,Cloud County,0.9
ID,Bannock County,0.9
PA,Wyoming County,0.9
OR,Klamath County,0.9
IL,Putnam County,0.9
NY,Lewis County,0.9
SD,Moody County,0.9
IA,Palo Alto County,0.9
KY,McLean County,0.9
KS,Wallace County,0.9
ME,Penobscot County,0.9
IN,Marshall County,0.9
AK,Valdez-Cordova Census Area,0.9
GA,Gilmer County,0.9
OH,Meigs County,0.9
NM,San Juan County,0.9
KS,Morton County,0.9
OR,Clatsop County,0.9
WA,Chelan County,0.8
AK,Kenai Peninsula Borough,0.8
NM,Taos County,0.8
IN,Spencer County,0.8
IA,Carroll County,0.8
CO,Saguache County,0.8
MO,Barton County,0.8
IN,Switzerland County,0.8
MO,Grundy County,0.8
AK,Bethel Census Area,0.8
CO,Prowers County,0.8
VA,Scott County,0.8
MN,Swift County,0.8
MI,Osceola County,0.8
MN,Isanti County,0.8
WI,Menominee County,0.8
WV,Monroe County,0.8
KY,Powell County,0.8
ME,Sagadahoc County,0.8
OR,Jackson County,0.8
WY,Washakie County,0.8
KS,Meade County,0.8
MI,Crawford County,0.8
KS,Jefferson County,0.8
KS,Thomas County,0.8
IN,Noble County,0.8
UT,Cache County,0.8
VT,Caledonia County,0.8
KS,Wabaunsee County,0.8
MN,Redwood County,0.8
IN,Wabash County,0.8
GA,Fannin County,0.8
IL,Washington County,0.8
KY,Whitley County,0.8
IA,Wright County,0.8
MT,Toole County,0.8
UT,Washington County,0.8
MO,Andrew County,0.8
AR,Carroll County,0.8
CO,Elbert County,0.8
WA,Okanogan County,0.8
CO,Washington County,0.8
ND,Traill County,0.8
IA,Hamilton County,0.8
VA,Highland County,0.8
TX,Edwards County,0.8
TX,Montague County,0.8
MN,Beltrami County,0.8
UT,Carbon County,0.8
ME,Aroostook County,0.8
TX,Hood County,0.8
CA,Mono County,0.8
KS,Kearny County,0.8
TN,Macon County,0.8
IN,Fulton County,0.8
IL,Gallatin County,0.8
ID,Clark County,0.8
IA,Winneshiek County,0.8
KS,Stevens County,0.8
KS,Linn County,0.8
CO,Pitkin County,0.8
WY,Lincoln County,0.8
NE,Perkins County,0.8
WA,Lewis County,0.8
NM,Sierra County,0.8
ID,Fremont County,0.8
MN,Rock County,0.8
WI,Manitowoc County,0.8
MT,Yellowstone County,0.8
WY,Johnson County,0.8
KY,Laurel County,0.8
KS,Lane County,0.8
VT,Lamoille County,0.8
WA,Douglas County,0.8
ND,Golden Valley County,0.8
NH,Belknap County,0.8
TX,Jim Hogg County,0.8
WI,Marathon County,0.8
MO,Christian County,0.8
ID,Canyon County,0.8
ID,Owyhee County,0.8
MO,Worth County,0.8
MO,Vernon County,0.8
MO,Linn County,0.8
MI,Oceana County,0.8
KS,Cherokee County,0.8
NH,Cheshire County,0.8
ND,Adams County,0.8
KY,Pike County,0.8
IN,White County,0.8
WV,Morgan County,0.8
PA,Perry County,0.8
NE,Washington County,0.8
OR,Polk County,0.8
PA,Juniata County,0.8
IL,De Witt County,0.8
KS,Coffey County,0.8
AR,Sharp County,0.8
PA,Mifflin County,0.8
ND,Richland County,0.8
WI,Portage County,0.8
SD,Sully County,0.8
WI,Sauk County,0.8
SD,Codington County,0.8
ID,Minidoka County,0.8
IA,Howard County,0.8
TN,Overton County,0.7
UT,Grand County,0.7
CO,Cheyenne County,0.7
AR,Scott County,0.7
VT,Grand Isle County,0.7
AK,Haines Borough,0.7
UT,Utah County,0.7
ME,Washington County,0.7
MN,Red Lake County,0.7
TN,Van Buren County,0.7
SD,Spink County,0.7
UT,Summit County,0.7
IN,Union County,0.7
CO,Rio Grande County,0.7
MO,Ripley County,0.7
CO,San Miguel County,0.7
MO,Shelby County,0.7
PA,Bedford County,0.7
KY,Russell County,0.7
ID,Bonneville County,0.7
KS,Stafford County,0.7
TX,Webb County,0.7
ND,Renville County,0.7
IA,Appanoose County,0.7
IA,Warren County,0.7
CO,Teller County,0.7
MO,Saint Clair County,0.7
WA,Skamania County,0.7
WI,Saint Croix County,0.7
ND,Sargent County,0.7
NE,Platte County,0.7
WI,Calumet County,0.7
OH,Jackson County,0.7
CO,Montrose County,0.7
WY,Hot Springs County,0.7
CO,Lake County,0.7
MI,Clare County,0.7
CO,Conejos County,0.7
KS,Ness County,0.7
OR,Lake County,0.7
WY,Platte County,0.7
VT,Orleans County,0.7
OR,Lincoln County,0.7
WA,Ferry County,0.7
IA,Clayton County,0.7
WI,Burnett County,0.7
NE,Clay County,0.7
KS,Clay County,0.7
WY,Weston County,0.7
NH,Coos County,0.7
UT,Iron County,0.7
KS,Gray County,0.7
WY,Fremont County,0.7
WA,Pend Oreille County,0.7
KY,Casey County,0.7
IA,Hancock County,0.7
OH,Hocking County,0.7
MN,Koochiching County,0.7
IA,Fremont County,0.7
ME,Hancock County,0.7
NE,Greeley County,0.7
TN,Cumberland County,0.7
IN,Dearborn County,0.7
MN,Chippewa County,0.7
WI,Langlade County,0.7
MN,McLeod County,0.7
ME,Kennebec County,0.7
WV,Wyoming County,0.7
OR,Linn County,0.7
NE,Webster County,0.7
NM,Harding County,0.7
NE,Box Butte County,0.7
NC,Mitchell County,0.7
IN,Newton County,0.7
ME,Knox County,0.7
SD,Butte County,0.7
IL,Hardin County,0.7
ND,Bottineau County,0.7
IN,Randolph County,0.7
OK,Haskell County,0.7
WI,Wood County,0.7
WV,Marshall County,0.7
AK,Nome Census Area,0.7
TX,Hemphill County,0.7
KY,Carter County,0.7
OH,Henry County,0.7
CO,Kiowa County,0.7
MT,Golden Valley County,0.7
IA,Humboldt County,0.7
IL,Woodford County,0.7
KS,Clark County,0.7
NE,Gosper County,0.7
WI,Dunn County,0.7
IL,Jersey County,0.7
OK,Coal County,0.7
KY,Nicholas County,0.7
ND,Divide County,0.7
KS,Nemaha County,0.7
IA,Iowa County,0.7
IA,Wayne County,0.7
SD,Hutchinson County,0.7
MI,Hillsdale County,0.7
KY,Butler County,0.7
MO,Wayne County,0.7
NM,Los Alamos County,0.7
TN,Grainger County,0.7
MO,Wright County,0.7
AK,Dillingham Census Area,0.7
ID,Twin Falls County,0.7
KS,Republic County,0.7
NH,Sullivan County,0.7
MI,Emmet County,0.7
OK,Ellis County,0.7
TN,Polk County,0.7
HI,Kauai County,0.7
WI,Door County,0.7
KY,Bracken County,0.7
NE,Fillmore County,0.7
KS,Trego County,0.7
TN,Sequatchie County,0.7
SD,Custer County,0.7
ME,York County,0.7
IA,Clay County,0.7
MN,Dodge County,0.7
VT,Franklin County,0.7
ID,Madison County,0.7
CO,Delta County,0.7
OH,Fulton County,0.7
MI,Shiawassee County,0.7
MT,Missoula County,0.6
AR,Montgomery County,0.6
IA,Mitchell County,0.6
WI,Sawyer County,0.6
IA,Monroe County,0.6
IN,Harrison County,0.6
NM,Catron County,0.6
KS,Barber County,0.6
WI,Green County,0.6
IN,Clinton County,0.6
IL,Hamilton County,0.6
SD,Miner County,0.6
MO,Camden County,0.6
OK,Mayes County,0.6
MN,Jackson County,0.6
OH,Adams County,0.6
IA,Chickasaw County,0.6
MT,Custer County,0.6
IN,Brown County,0.6
TX,Maverick County,0.6
WI,Pierce County,0.6
MN,Becker County,0.6
IA,Kossuth County,0.6
MO,Perry County,0.6
MO,Daviess County,0.6
WI,Richland County,0.6
ID,Jerome County,0.6
WV,Braxton County,0.6
NE,Keith County,0.6
OH,Putnam County,0.6
AK,Yukon-Koyukuk Census Area,0.6
ND,Ransom County,0.6
MN,Cook County,0.6
NE,Gage County,0.6
KY,Livingston County,0.6
KS,Gove County,0.6
IN,Huntington County,0.6
VT,Orange County,0.6
MO,Gentry County,0.6
SD,Douglas County,0.6
MI,Cheboygan County,0.6
MI,Otsego County,0.6
WA,Asotin County,0.6
IA,Benton County,0.6
MI,Iosco County,0.6
WV,Lewis County,0.6
OR,Union County,0.6
WI,Rusk County,0.6
MT,McCone County,0.6
OR,Baker County,0.6
MI,Benzie County,0.6
SD,Harding County,0.6
MN,Martin County,0.6
IA,Tama County,0.6
IL,Wayne County,0.6
KY,Clinton County,0.6
OR,Josephine County,0.6
AR,Clay County,0.6
MI,Kalkaska County,0.6
MN,Kanabec County,0.6
IL,Jo Daviess County,0.6
WA,Klickitat County,0.6
IN,Clay County,0.6
WI,Bayfield County,0.6
IL,Stark County,0.6
CO,La Plata County,0.6
SD,Jackson County,0.6
PA,Susquehanna County,0.6
IL,Douglas County,0.6
IA,Jackson County,0.6
MN,Le Sueur County,0.6
NE,Thurston County,0.6
KY,Letcher County,0.6
WV,Boone County,0.6
MI,Livingston County,0.6
MN,Houston County,0.6
AK,Hoonah-Angoon Census Area,0.6
MN,Sibley County,0.6
OR,Hood River County,0.6
OR,Sherman County,0.6
UT,Duchesne County,0.6
MT,Hill County,0.6
ND,Hettinger County,0.6
ID,Cassia County,0.6
OR,Columbia County,0.6
WA,Columbia County,0.6
ND,Burke County,0.6
WI,Pepin County,0.6
CO,Routt County,0.6
KY,Pendleton County,0.6
AR,Fulton County,0.6
CO,Park County,0.6
MI,Wexford County,0.6
VT,Rutland County,0.6
SD,Buffalo County,0.6
NE,Otoe County,0.6
MN,Crow Wing County,0.6
MI,Roscommon County,0.6
TX,Gillespie County,0.6
IN,Blackford County,0.6
IL,White County,0.6
ND,Dunn County,0.6
UT,Uintah County,0.6
ND,Billings County,0.6
CA,Nevada County,0.6
ND,Nelson County,0.6
MT,Musselshell County,0.6
OH,Darke County,0.6
IL,Edwards County,0.6
TX,Borden County,0.6
PA,Bradford County,0.6
IL,Richland County,0.6
MI,Presque Isle County,0.6
OH,Preble County,0.6
MO,Dent County,0.6
KS,Washington County,0.6
MN,Wabasha County,0.6
IN,Wells County,0.6
KS,Anderson County,0.6
SD,Day County,0.6
OH,Vinton County,0.6
SD,Roberts County,0.6
ME,Piscataquis County,0.6
IN,Pike County,0.6
ND,Pierce County,0.6
IL,Piatt County,0.6
OK,Roger Mills County,0.6
KS,Rooks County,0.6
IA,Greene County,0.6
IA,Mills County,0.6
MO,Miller County,0.6
IN,Carroll County,0.6
TN,Grundy County,0.6
OR,Coos County,0.6
OR,Wasco County,0.6
KS,Scott County,0.6
OH,Carroll County,0.6
NE,Dixon County,0.6
WI,Green Lake County,0.6
IL,Mercer County,0.6
WA,San Juan County,0.6
MN,Meeker County,0.6
KS,Morris County,0.6
MI,Menominee County,0.6
OH,Morrow County,0.6
MN,Mille Lacs County,0.5
SD,Lyman County,0.5
AR,Cleburne County,0.5
NE,Jefferson County,0.5
WI,Trempealeau County,0.5
ID,Lemhi County,0.5
MO,Stone County,0.5
IL,Clark County,0.5
MN,Faribault County,0.5
CO,Montezuma County,0.5
OR,Harney County,0.5
MI,Barry County,0.5
KS,Osage County,0.5
MI,Huron County,0.5
UT,Box Elder County,0.5
ID,Gooding County,0.5
MN,Todd County,0.5
MT,Fergus County,0.5
IL,Edgar County,0.5
SD,Walworth County,0.5
KS,Harper County,0.5
KS,Hamilton County,0.5
PA,Jefferson County,0.5
SD,Hamlin County,0.5
IL,Effingham County,0.5
MN,Douglas County,0.5
UT,Emery County,0.5
KY,Johnson County,0.5
OR,Wallowa County,0.5
IN,Tipton County,0.5
MT,Dawson County,0.5
CO,Archuleta County,0.5
OK,Adair County,0.5
ME,Waldo County,0.5
PA,Elk County,0.5
SD,Turner County,0.5
WI,Iowa County,0.5
IN,DeKalb County,0.5
UT,Garfield County,0.5
MO,Crawford County,0.5
MO,Barry County,0.5
SD,Aurora County,0.5
MI,Gladwin County,0.5
CO,Hinsdale County,0.5
IN,Crawford County,0.5
TN,Unicoi County,0.5
KS,Greeley County,0.5
MO,Howell County,0.5
CO,Grand County,0.5
IN,Dubois County,0.5
OH,Holmes County,0.5
MN,Grant County,0.5
OH,Auglaize County,0.5
AR,Van Buren County,0.5
ID,Clearwater County,0.5
WV,Jackson County,0.5
TN,Jackson County,0.5
IN,Decatur County,0.5
CO,Gunnison County,0.5
OR,Tillamook County,0.5
NE,Custer County,0.5
IL,Franklin County,0.5
MO,Dade County,0.5
MO,Harrison County,0.5
IA,Grundy County,0.5
KS,Woodson County,0.5
NE,Hayes County,0.5
KS,Greenwood County,0.5
WI,Ashland County,0.5
IL,Cumberland County,0.5
NE,Burt County,0.5
ID,Bingham County,0.5
MO,Caldwell County,0.5
NE,Cass County,0.5
ID,Nez Perce County,0.5
MN,Norman County,0.5
IN,Ohio County,0.5
WI,Marinette County,0.5
MO,Maries County,0.5
MN,Mahnomen County,0.5
WV,Wayne County,0.5
MT,Madison County,0.5
WI,Oneida County,0.5
IA,Shelby County,0.5
ND,Sheridan County,0.5
MO,Oregon County,0.5
MO,Madison County,0.5
IA,Madison County,0.5
MI,Dickinson County,0.5
WI,Buffalo County,0.5
IN,Owen County,0.5
IA,Cedar County,0.5
KY,Owsley County,0.5
MT,Silver Bow County,0.5
IA,Buchanan County,0.5
NE,Loup County,0.5
MI,Sanilac County,0.5
MI,Missaukee County,0.5
MT,Mineral County,0.5
NE,Saunders County,0.5
NH,Carroll County,0.5
CO,Moffat County,0.5
UT,Millard County,0.5
IL,Scott County,0.5
UT,Wasatch County,0.5
NE,Merrick County,0.5
IA,Monona County,0.5
OH,Monroe County,0.5
MT,Carbon County,0.5
WV,Wetzel County,0.5
TN,Campbell County,0.5
IN,Morgan County,0.5
MN,Morrison County,0.5
CO,Sedgwick County,0.5
IL,Moultrie County,0.5
ID,Camas County,0.5
NE,Seward County,0.5
PA,Warren County,0.5
IN,Whitley County,0.5
IL,Marshall County,0.5
WI,Washburn County,0.5
WI,Marquette County,0.5
MO,Knox County,0.5
AR,Polk County,0.5
OK,Delaware County,0.5
OK,Cimarron County,0.5
OR,Deschutes County,0.5
IN,LaGrange County,0.5
KS,Rawlins County,0.5
MN,Pope County,0.5
PA,Potter County,0.5
KY,Breathitt County,0.5
WI,Price County,0.5
MT,Richland County,0.5
MN,Lake County,0.5
ID,Boundary County,0.5
MN,Renville County,0.5
SD,Kingsbury County,0.5
TX,Kimble County,0.5
ND,Kidder County,0.5
WI,Kewaunee County,0.5
IA,Keokuk County,0.5
WA,Stevens County,0.5
ND,Ramsey County,0.5
MT,Ravalli County,0.5
WI,Clark County,0.5
MI,Leelanau County,0.5
KS,Lincoln County,0.5
OK,Dewey County,0.5
ID,Lincoln County,0.5
ME,Lincoln County,0.5
ME,Somerset County,0.5
NE,Phelps County,0.5
KS,Phillips County,0.5
OH,Perry County,0.5
MT,Lewis and Clark County,0.5
ND,Pembina County,0.5
MO,Benton County,0.5
KS,Smith County,0.5
MT,Broadwater County,0.5
ND,Slope County,0.5
KS,Wilson County,0.5
MO,Lawrence County,0.5
IA,Plymouth County,0.5
IN,Lawrence County,0.5
MI,Charlevoix County,0.5
IL,Clay County,0.5
MN,Traverse County,0.5
CA,Trinity County,0.5
ME,Franklin County,0.5
ID,Boise County,0.5
IL,Mason County,0.5
IA,Cass County,0.5
TX,Roberts County,0.5
MN,Murray County,0.4
IA,Audubon County,0.4
MT,Flathead County,0.4
WV,Ritchie County,0.4
ID,Payette County,0.4
UT,Juab County,0.4
ID,Washington County,0.4
CO,Mineral County,0.4
UT,Kane County,0.4
SD,McPherson County,0.4
MN,Kittson County,0.4
SD,Hyde County,0.4
NE,Sheridan County,0.4
ID,Teton County,0.4
MO,Bollinger County,0.4
NM,De Baca County,0.4
KY,Rockcastle County,0.4
NE,Pierce County,0.4
UT,Daggett County,0.4
NE,Cherry County,0.4
OR,Douglas County,0.4
KY,Lawrence County,0.4
SD,Bennett County,0.4
MT,Lincoln County,0.4
IA,Adams County,0.4
IN,Fountain County,0.4
ID,Lewis County,0.4
KY,Lewis County,0.4
MN,Brown County,0.4
IN,Franklin County,0.4
MT,Valley County,0.4
ID,Idaho County,0.4
OR,Curry County,0.4
CO,Yuma County,0.4
WA,Lincoln County,0.4
VT,Essex County,0.4
AR,Stone County,0.4
UT,Beaver County,0.4
AK,Prince of Wales-Hyder Census Area,0.4
MT,Beaverhead County,0.4
MO,Douglas County,0.4
ND,Walsh County,0.4
TX,Starr County,0.4
WA,Wahkiakum County,0.4
SD,Potter County,0.4
IA,Ringgold County,0.4
IN,Jay County,0.4
MN,Clearwater County,0.4
IN,Starke County,0.4
IN,Washington County,0.4
IN,Adams County,0.4
WI,Lafayette County,0.4
SD,Faulk County,0.4
MT,Lake County,0.4
WI,Vilas County,0.4
TN,Fentress County,0.4
ID,Benewah County,0.4
WI,Vernon County,0.4
ND,Mercer County,0.4
IL,Shelby County,0.4
IA,Harrison County,0.4
MT,Granite County,0.4
MT,Deer Lodge County,0.4
MO,Shannon County,0.4
TX,Zapata County,0.4
MN,Aitkin County,0.4
MN,Wilkin County,0.4
PA,Cameron County,0.4
OH,Wyandot County,0.4
MI,Montmorency County,0.4
SD,Dewey County,0.4
TN,Hancock County,0.4
OH,Mercer County,0.4
WV,Tucker County,0.4
IL,Monroe County,0.4
IL,Hancock County,0.4
SD,Gregory County,0.4
SD,Tripp County,0.4
NE,Hamilton County,0.4
MI,Alpena County,0.4
ND,Griggs County,0.4
AR,Marion County,0.4
MN,Roseau County,0.4
MT,Big Horn County,0.4
NE,Furnas County,0.4
MN,Hubbard County,0.4
MT,Gallatin County,0.4
SD,Charles Mix County,0.4
NE,Howard County,0.4
ME,Oxford County,0.4
WI,Taylor County,0.4
CA,Sierra County,0.4
WI,Waupaca County,0.4
AR,Madison County,0.4
MT,Sheridan County,0.4
NE,Dundy County,0.4
ND,Oliver County,0.4
IL,Henderson County,0.4
MI,Ogemaw County,0.4
NE,Butler County,0.4
NE,Thayer County,0.4
MN,Cass County,0.4
IA,Delaware County,0.4
IA,Dickinson County,0.4
VA,Dickenson County,0.4
ID,Kootenai County,0.4
NE,Pawnee County,0.4
MN,Marshall County,0.4
SD,McCook County,0.4
MO,Carter County,0.4
NE,McPherson County,0.4
IN,Scott County,0.4
IA,Montgomery County,0.4
UT,San Juan County,0.4
MN,Big Stone County,0.4
MT,Wheatland County,0.4
IA,Osceola County,0.4
IA,Adair County,0.4
KS,Rush County,0.4
SD,Brule County,0.4
ND,Rolette County,0.4
WV,Roane County,0.4
WI,Polk County,0.4
IN,Ripley County,0.4
AR,Boone County,0.4
WV,Webster County,0.4
NE,Boone County,0.4
WI,Shawano County,0.4
MI,Arenac County,0.4
MN,Fillmore County,0.4
IN,Vermillion County,0.4
WI,Florence County,0.4
MN,Yellow Medicine County,0.4
NE,Garden County,0.4
MO,Gasconade County,0.4
MO,Atchison County,0.4
NC,Graham County,0.4
MO,Hickory County,0.4
AK,Wrangell City and Borough,0.4
IA,Taylor County,0.4
IA,Ida County,0.4
MN,Itasca County,0.4
AR,Baxter County,0.4
ID,Jefferson County,0.4
MT,Jefferson County,0.4
NE,Cheyenne County,0.4
KY,Marshall County,0.4
ND,Wells County,0.3
MI,Alcona County,0.3
MI,Delta County,0.3
MO,Cedar County,0.3
WI,Iron County,0.3
UT,Sevier County,0.3
NE,Kearney County,0.3
MI,Schoolcraft County,0.3
MT,Liberty County,0.3
WV,Lincoln County,0.3
MT,Rosebud County,0.3
MT,Roosevelt County,0.3
IA,Lucas County,0.3
ID,Bonner County,0.3
MN,Lac qui Parle County,0.3
UT,Rich County,0.3
KY,Magoffin County,0.3
KS,Marshall County,0.3
ND,McIntosh County,0.3
NE,Morrill County,0.3
MI,Oscoda County,0.3
KS,Osborne County,0.3
MO,Osage County,0.3
MI,Ontonagon County,0.3
MI,Iron County,0.3
NE,Garfield County,0.3
MT,Daniels County,0.3
IA,Guthrie County,0.3
KS,Comanche County,0.3
KY,Estill County,0.3
UT,Morgan County,0.3
ND,Cavalier County,0.3
ND,Foster County,0.3
MO,Dallas County,0.3
ND,McHenry County,0.3
ND,McLean County,0.3
MT,Meagher County,0.3
NE,Antelope County,0.3
KS,Mitchell County,0.3
SD,Campbell County,0.3
IA,Lyon County,0.3
NE,Nance County,0.3
WV,Calhoun County,0.3
IL,Calhoun County,0.3
AR,Newton County,0.3
WV,Nicholas County,0.3
ND,Eddy County,0.3
CO,Dolores County,0.3
NE,Deuel County,0.3
WI,Oconto County,0.3
ID,Oneida County,0.3
SD,Ziebach County,0.3
KS,Kingman County,0.3
NE,Holt County,0.3
KY,Jackson County,0.3
IL,Jasper County,0.3
KS,Jewell County,0.3
SD,Jones County,0.3
MO,Holt County,0.3
NE,Hitchcock County,0.3
KY,Wolfe County,0.3
MO,Clark County,0.3
WV,Wirt County,0.3
NE,Kimball County,0.3
ID,Franklin County,0.3
ND,LaMoure County,0.3
SD,Mellette County,0.3
MN,Lake of the Woods County,0.3
KY,Leslie County,0.3
IN,Greene County,0.3
ND,Logan County,0.3
OR,Grant County,0.3
OR,Crook County,0.3
MT,Garfield County,0.3
NE,Cuming County,0.3
ID,Shoshone County,0.3
MO,Putnam County,0.3
ND,Bowman County,0.3
NE,Richardson County,0.3
KY,Robertson County,0.3
IA,Sac County,0.3
ID,Blaine County,0.3
MT,Sanders County,0.3
CA,Alpine County,0.3
TN,Scott County,0.3
IA,Butler County,0.3
AR,Searcy County,0.3
ND,Sioux County,0.3
AK,Skagway Municipality,0.3
MT,Stillwater County,0.3
ID,Bear Lake County,0.3
SD,Todd County,0.3
WV,Tyler County,0.3
TN,Union County,0.3
IA,Van Buren County,0.3
IN,Warren County,0.3
MI,Antrim County,0.3
MT,Park County,0.3
SD,Perkins County,0.3
MO,Ozark County,0.3
MT,Pondera County,0.3
MT,Prairie County,0.3
WV,Clay County,0.2
KS,Sheridan County,0.2
ND,Towner County,0.2
NE,Frontier County,0.2
ID,Adams County,0.2
MI,Keweenaw County,0.2
MO,Schuyler County,0.2
NE,Franklin County,0.2
UT,Piute County,0.2
CO,Ouray County,0.2
NE,Brown County,0.2
ND,Steele County,0.2
SD,Jerauld County,0.2
ID,Valley County,0.2
MN,Lincoln County,0.2
AK,Wade Hampton Census Area,0.2
NE,Arthur County,0.2
NE,Chase County,0.2
SD,Edmunds County,0.2
NE,Polk County,0.2
OK,Harper County,0.2
MT,Fallon County,0.2
IA,Davis County,0.2
SD,Corson County,0.2
ID,Gem County,0.2
VA,Craig County,0.2
NE,Sherman County,0.2
OR,Gilliam County,0.2
SD,Hanson County,0.2
NE,Grant County,0.2
NE,Sioux County,0.2
MT,Glacier County,0.2
TN,Pickett County,0.2
IN,Martin County,0.2
NE,Nuckolls County,0.2
NE,Valley County,0.2
NE,Blaine County,0.2
MT,Blaine County,0.2
ID,Butte County,0.2
MT,Chouteau County,0.2
MO,Mercer County,0.2
ID,Custer County,0.2
NE,Knox County,0.2
ID,Caribou County,0.2
SD,Shannon County,0.2
CO,Jackson County,0.1
MO,Scotland County,0.1
NE,Thomas County,0.1
MT,Treasure County,0.1
MT,Sweet Grass County,0.1
OR,Wheeler County,0.1
MT,Carter County,0.1
MT,Powder River County,0.1
ND,Benson County,0.1
NE,Cedar County,0.1
NE,Rock County,0.1
MT,Judith Basin County,0.1
NE,Logan County,0.1
MT,Phillips County,0.1
UT,Wayne County,0.1
KS,Cheyenne County,0.1
SD,Hand County,0.1
CO,San Juan County,0.1
SD,Sanborn County,0.1
NE,Boyd County,0.1
KS,Elk County,0.1
ND,Emmons County,0.1
MT,Wibaux County,0.1
NE,Harlan County,0.1
MT,Teton County,0.1
TX,King County,0
NE,Keya Paha County,0
AK,Bristol Bay Borough,0
HI,Kalawao County,0
TX,Loving County,0
WA,Garfield County,0
MT,Petroleum County,0
NE,Hooker County,0
ND,Grant County,0
NE,Wheeler County,0
