City,County,State
Dering Harbor,Suffolk,NY
Colinas Del Gigante,Adjuntas,PR
Luyando,Aguada,PR
Rafael Hernandez,Aguadilla,PR
URB San Juan Bautista,Maricao,PR
Est De Valle Verde,Anasco,PR
Cayuco,Utuado,PR
Animas,Arecibo,PR
Bufalo,Barceloneta,PR
El Combate,Cabo Rojo,PR
URB Sagrado Corazon,Penuelas,PR
Quebrada,Camuy,PR
URB Buena Vista,Lares,PR
Villa Auxerre,San German,PR
Lluveras,Sabana Grande,PR
URB Dos Rios,Ciales,PR
Rio Lajas,Dorado,PR
Bda Esperanza,Guanica,PR
Pajonal,Florida,PR
Magas Arriba,Guayanilla,PR
Rafael Capo,Hatillo,PR
Bo Lavadero,Hormigueros,PR
Vistas Del Atlantico,Isabela,PR
Valle Verde,Jayuya,PR
La Parguera,Lajas,PR
URB Lavergne,Las Marias,PR
URB Luchetti,Manati,PR
Aceitunas,Moca,PR
URB Las Lomas,Rincon,PR
Cacao,Quebradillas,PR
Bo Tras Talleres,Mayaguez,PR
Villa Rita,San Sebastian,PR
Franquez,Morovis,PR
Brenas,Vega Alta,PR
Sabana,Vega Baja,PR
Palomas,Yauco,PR
Est Del Rio,Aguas Buenas,PR
La Plena,Salinas,PR
Pastos,Aibonito,PR
Palo Seco,Maunabo,PR
Palmas,Arroyo,PR
Monte Verde,Ponce,PR
Pena Pobre,Naguabo,PR
Jard De Naranjito,Naranjito,PR
Villas De Orocovix Ii,Orocovis,PR
Gerrard,Rio Grande,CO
Lamboglia,Patillas,PR
Los Panes,Caguas,PR
URB River Gdns,Canovanas,PR
Aguas Claras,Ceiba,PR
G. L. Garcia,Cayey,PR
Las Croabas,Fajardo,PR
Rodriguez Hevia,Cidra,PR
Candelero Abajo,Humacao,PR
Jagual,San Lorenzo,PR
Parcelas Penuelas,Santa Isabel,PR
Esperanza,Vieques,PR
URB Tierra Santa,Villalba,PR
Rosa Sanchez,Yabucoa,PR
Los Llanos,Coamo,PR
Pueblito del Rio,Las Piedras,PR
URB Santiago,Loiza,PR
Playa Fortuna,Luquillo,PR
Culebra,Culebra,PR
El Mango,Juncos,PR
Parcelas de Navarro,Gurabo,PR
URB Sabana Del Palmar,Comerio,PR
URB Sobrino,Corozal,PR
Pueblito del Carmen,Guayama,PR
Vistas De Montecielo,Barranquitas,PR
Villas Del Sol,Juana Diaz,PR
St Thomas,Saint Thomas,VI
Emerald,Saint Croix,WI
St John,Saint John,VI
Lake Valley,San Juan,NM
URB Camino Del Monte,Guaynabo,PR
San Jose,Toa Baja,PR
Mucarabones,Toa Alta,PR
URB El Coqui,Bayamon,PR
Villa Aurora,Catano,PR
Saint Just,Trujillo Alto,PR
URB Los Caciques,Carolina,PR
Monson Center,Hampden,MA
Green Spring,Hampshire,WV
Girdletree,Worcester,MD
Housatonic,Berkshire,MA
Charmwood,Franklin,MO
Fenwick,Middlesex,CT
Beecher Falls,Essex,VT
Struble,Plymouth,IA
Millis-Clicquot,Norfolk,MA
North Seekonk,Bristol,MA
Popponesset Island,Barnstable,MA
Vineyard Haven,Dukes,MA
Siasconset,Nantucket,MA
Melville,Newport,RI
Clayville,Providence,RI
Ernstville,Washington,MD
Girard,Kent,TX
Dover,Hillsborough,FL
Ruffin,Rockingham,NC
Blodgett Landing,Merrimack,NH
North Woodstock,Grafton,NH
Tilton Northfield,Belknap,NH
Blue Eye,Carroll,AR
Osgood,Sullivan,MO
North Walpole,Cheshire,NH
West Stewartstown,Coos,NH
Milton Mills,Strafford,NH
Lushton,York,NE
Littlejohn Island,Cumberland,ME
Woolwich,Sagadahoc,ME
South Paris,Oxford,ME
Lisbon Falls,Androscoggin,ME
Hallowell,Kennebec,ME
Cave,Lincoln,MO
Belfast,Waldo,ME
Old Town,Penobscot,ME
Dover Foxcroft,Piscataquis,ME
Hutchins,Hancock,IA
Westfield,Aroostook,ME
Zarephath,Somerset,NJ
Plevna,Knox,MO
Perkinsville,Windsor,VT
Lake Buena Vista,Orange,FL
East Burke,Caledonia,VT
North Westminster,Windham,VT
Old Bennington,Bennington,VT
Winooski,Chittenden,VT
South Hero,Grand Isle,VT
Jeffersonville,Lamoille,VT
East Middlebury,Addison,VT
Ira,Rutland,VT
Greensboro Bend,Orleans,VT
Terramuggus,Hartford,CT
Falls Village,Litchfield,CT
Mansfield Center,Tolland,CT
Mashantucket,New London,CT
Woodmont,New Haven,CT
Cannondale,Fairfield,CT
East Newark,Hudson,NJ
Dunlap,Morris,KS
Teterboro,Bergen,NJ
Singac,Passaic,NJ
Grenville,Union,NM
Byram Center,Sussex,NJ
Loch Arbour,Monmouth,NJ
Three Creeks,Warren,MO
Stockton,Hunterdon,NJ
Hancocks Bridge,Salem,NJ
Tavistock,Camden,NJ
Mantoloking,Ocean,NJ
Juliustown,Burlington,NJ
Newfield,Gloucester,NJ
Corbin City,Atlantic,NJ
Diamond Beach,Cape May,NJ
South Lineville,Mercer,MO
Fpo,,AP
Manhattan,New York,NY
Hoffman,Richmond,NC
Priority Mail Ctr,Bronx,NY
Scotts Corners,Westchester,NY
Powersville,Putnam,MO
Grand View-on-Hudson,Rockland,NY
Cove Neck,Nassau,NY
Far Rockaway,Queens,NY
Hardwick,Kings,CA
Woods Landing-Jelm,Albany,WY
Duane Lake,Schenectady,NY
Wenonah,Montgomery,IL
New Freeport,Greene,PA
Centralia,Columbia,PA
Valley Falls,Rensselaer,NY
Round Lake,Saratoga,NY
Valley-Hi,Fulton,PA
Central Bridge,Schoharie,NY
Gilbertsville,Otsego,NY
Stockham,Hamilton,NE
Brush Creek,Delaware,OK
Pine Hill,Ulster,NY
Salt Point,Dutchess,NY
Andover,Clinton,IA
Winthrop,Saint Lawrence,NY
Jordan,Onondaga,NY
Meridian,Cayuga,NY
Altmar,Oswego,NY
Mound,Madison,LA
Blodgett Mills,Cortland,NY
Newfield Hamlet,Tompkins,NY
Lake Tomahawk,Oneida,WI
Kansas,Seneca,OH
Smithville Flats,Chenango,NY
Sholes,Wayne,NE
Concord,Lewis,KY
Thendara,Herkimer,NY
South Park View,Jefferson,KY
Roseville,Tioga,PA
Glen Aubrey,Broome,NY
Beulah Beach,Erie,OH
Corfu,Genesee,NY
Olcott,Niagara,NY
Covel,Wyoming,WV
Nikep,Allegany,MD
East Randolph,Cattaraugus,NY
Niotaze,Chautauqua,KS
Megargel,Monroe,AL
Byersville,Livingston,NY
Rushville,Yates,NY
Port Gibson,Ontario,NY
Clear Lake,Steuben,IN
Browning,Schuyler,IL
Millport,Chemung,NY
Knowles,Beaver,OK
Haysville,Allegheny,PA
Thurmond,Fayette,WV
Harrison City,Westmoreland,PA
Saint Clairsville,Bedford,PA
Atwood,Armstrong,PA
Smicksburg,Indiana,PA
Cassandra,Cambria,PA
New Washington,Clearfield,PA
Elk Falls,Elk,KS
Argonne,Forest,WI
Orason,Cameron,TX
Surprise,Butler,NE
Vowinckel,Clarion,PA
S.N.P.J.,Lawrence,PA
Riceville,Crawford,PA
Utica,Venango,PA
Turtlepoint,Mckean,PA
Northwood,Blair,PA
Shade Gap,Huntingdon,PA
Mount Eagle,Centre,PA
Tolstoy,Potter,SD
Alba,Bradford,PA
Atkinson Mills,Mifflin,PA
Fort Indiantown Gap,Lebanon,PA
Pillow,Dauphin,PA
Biehle,Perry,MO
East Salem,Juniata,PA
Heathsville,Northumberland,VA
Ronks,Lancaster,PA
Haynes,Adams,ND
Salladasburg,Lycoming,PA
Paxtonville,Snyder,PA
Washingtonville,Montour,PA
Mount Carbon,Schuylkill,PA
Lasker,Northampton,NC
Slatedale,Lehigh,PA
Silesia,Carbon,MT
Riegelsville,Bucks,PA
New Morgan,Berks,PA
Jeddo,Luzerne,PA
Valley City,Pike,IL
Vandling,Lackawanna,PA
Friendsville,Susquehanna,PA
I R S Service Center,Philadelphia,PA
Enville,Chester,TN
Ardencroft,New Castle,DE
Hillsboro,Loudoun,VA
Viewtown,Culpeper,VA
Manassas,Manassas City,VA
Quantico,Prince William,VA
Manassas Park,Manassas Park City,VA
Calverton,Fauquier,VA
Clifton,Fairfax,VA
Rockville,Clarke,AL
Cushing,Howard,NE
Port Tobacco Village,Charles,MD
Valley Lee,Saint Marys,MD
Washington Ndc,Prince Georges,MD
Broomes Island,Calvert,MD
Highland Beach,Anne Arundel,MD
Pylesville,Harford,MD
Kingsville,Baltimore,MD
Baltimore Brm,Baltimore City,MD
Gorman,Garrett,MD
Junction City,Talbot,GA
Usa Fulfillment,Queen Annes,MD
Williston,Caroline,MD
Eldorado,Dorchester,MD
Burkittsville,Frederick,MD
Waterview,Wicomico,MD
Cecilton,Cecil,MD
Falls Church,Falls Church City,VA
Radium,Stafford,KS
Us Unmanned Aerial Vehicles,Arlington,VA
Dept Of Defense,Alexandria City,VA
Fredericksbrg,Fredericksburg City,VA
Lake Wilderness,Spotsylvania,VA
Fairview Beach,King George,VA
Winchester,Winchester City,VA
Sperryville,Rappahannock,VA
Toms Brook,Shenandoah,VA
Hepburn,Page,IA
James Madison University,Harrisonburg City,VA
Middlebrook,Augusta,VA
Free Union,Albemarle,VA
Embarq,Charlottesville City,VA
Dahlen,Nelson,ND
Palmyra,Fluvanna,VA
Waynesboro,Waynesboro City,VA
Amelia Court House,Amelia,VA
Buckingham Courthouse,Buckingham,VA
Mechanicsville,Hanover,VA
Central Garage,King William,VA
Quinton,New Kent,VA
State Farm,Goochland,VA
Gwynn,Mathews,VA
Walkerton,King And Queen,VA
Cotter,Louisa,IA
Ruthville,Charles City,VA
Chamberlayne,Henrico,VA
Wmsbg,James City,VA
Mount Croghan,Chesterfield,SC
Macon,Powhatan,VA
Vcu/mcv East,Richmond City,VA
College Of William & Mary,Williamsburg City,VA
Savage Town,Accomack,VA
Zuni,Isle Of Wight,VA
Coast Guard Finance Center,Chesapeake City,VA
Whaleyville,Suffolk City,VA
Lillian Vernon,Virginia Beach City,VA
Cinclantflt,Norfolk City,VA
Us Army Trng Support Ctr,Newport News City,VA
Nasa,Hampton City,VA
Poquoson,Poquoson City,VA
Portsmouth,Portsmouth City,VA
Templeton,Prince George,VA
Virginia State University,Petersburg City,VA
Warfield,Brunswick,VA
McKenney,Dinwiddie,VA
Nottoway Court House,Nottoway,VA
Branchville,Southampton,VA
Colonial Hgts,Colonial Heights City,VA
Dendron,Surry,VA
Jarratt,Greensville,VA
Hopewell,Hopewell City,VA
Hampden-Sydney,Prince Edward,VA
Baskerville,Mecklenburg,VA
Phenix,Charlotte,VA
Kenbridge,Lunenburg,VA
Pamplin City,Appomattox,VA
Norfolk Southern Rwy Brm,Roanoke City,VA
Glenvar,Roanoke,VA
Fincastle,Botetourt,VA
Stuart,Patrick,VA
Hartwell,Henry,MO
Snowville,Pulaski,VA
Blairs,Pittsylvania,VA
Colwell,Floyd,IA
Glen Lyn,Giles,VA
Martinsville,Martinsville City,VA
Big Cabin,Craig,OK
Fairlawn,Radford,VA
Bristol Merchandise Return,Bristol City,VA
Lake Bridgeport,Wise,TX
Clinchco,Dickenson,VA
Saint Paul,Lee,IA
Paradise,Russell,KS
Lewis and Clark Village,Buchanan,MO
Exeter,Scott,IL
Norton,Norton City,VA
Troutdale,Grayson,VA
McMullin,Smyth,VA
Max Meadows,Wythe,VA
Rocky Gap,Bland,VA
Armington,Tazewell,IL
Meadowcreek,Galax City,VA
Staunton,Staunton City,VA
Warm Springs,Bath,VA
Sinking Spring,Highland,OH
East Lexington,Rockbridge,VA
Buena Vista,Buena Vista City,VA
Low Moor,Alleghany,VA
Camp Appalachia,Covington City,VA
East Lexington,Lexington City,VA
Thomas Rd Bapt Church Brm,Lynchburg City,VA
Artas,Campbell,SD
Nathalie,Halifax,VA
Madison Heights,Amherst,VA
Schoolfield,Danville City,VA
Old Fort,Mcdowell,NC
Kermit,Mingo,WV
Falling Spring,Greenbrier,WV
Varina,Pocahontas,IA
Hinton,Summers,WV
Handley,Kanawha,WV
Reedy,Roane,WV
Helen,Raleigh,WV
McBaine,Boone,MO
Inland,Clay,NE
Russell Springs,Logan,KS
Belva,Nicholas,WV
Apple Grove,Mason,WV
River Bend,Jackson,MO
Yetter,Calhoun,IA
Cherry Log,Gilmer,GA
Jamestown,Berkeley,SC
Blue Sky,Morgan,CO
Salt Rock,Cabell,WV
Rosine,Ohio,KY
Windsor Heights,Brooke,WV
Lake City,Marshall,SD
Babcock,Wood,WI
Willow Island,Pleasants,WV
Elizabeth,Wirt,WV
Friendly,Tyler,WV
Auburn,Ritchie,WV
Jacksonburg,Wetzel,WV
Union Grove,Upshur,TX
Cowles,Webster,NE
Whitmer,Randolph,WV
Galloway,Barbour,WV
Saint George,Tucker,WV
New Amsterdam,Harrison,IN
Flatwoods,Braxton,WV
West Union,Doddridge,WV
Athelstan,Taylor,IA
Bruceton Mills,Preston,WV
Blacksville,Monongalia,WV
North Crows Nest,Marion,IN
Renfrow,Grant,OK
De Borgia,Mineral,MT
Wardensville,Hardy,WV
Brandywine,Pendleton,WV
Advance,Davie,NC
Bethania,Forsyth,NC
East Bend,Yadkin,NC
Farmers,Rowan,KY
Danbury,Stokes,NC
Altamahaw,Alamance,NC
Vernonburg,Chatham,GA
Milton,Caswell,NC
Whitsett,Guilford,NC
Berry Hill,Davidson,TN
Vass,Moore,NC
Roxboro,Person,NC
Bunnlevel,Harnett,NC
Zebulon,Wake,NC
Rougemont,Durham,NC
Connerville,Johnston,OK
Stovall,Granville,NC
Middleburg,Vance,NC
Momeyer,Nash,NC
Leggett,Edgecombe,NC
Colerain,Bertie,NC
Pinetown,Beaufort,NC
Falkland,Pitt,NC
Coyville,Wilson,KS
Como,Hertford,NC
Swan Quarter,Hyde,NC
Dover Hill,Martin,IN
Elizabeth City,Pasquotank,NC
Waves,Dare,NC
Coinjock,Currituck,NC
Winfall,Perquimans,NC
Sunbury,Gates,NC
Edenton,Chowan,NC
Aquadale,Stanly,NC
Dellview,Gaston,NC
McFarlan,Anson,NC
Love Valley,Iredell,NC
Staves,Cleveland,AR
Chimney Rock Village,Rutherford,NC
Mount Pleasant,Cabarrus,NC
Delway,Sampson,NC
Raynham,Robeson,NC
Tar Heel,Bladen,NC
Teachey,Duplin,NC
Granger,Scotland,MO
Dundarrach,Hoke,NC
Blue Clay Farms,New Hanover,NC
Watha,Pender,NC
Boardman,Columbus,NC
North Topsail Beach,Onslow,NC
Pink Hill,Lenoir,NC
Hobucken,Pamlico,NC
Indian Beach,Carteret,NC
Dover,Craven,NC
Okaton,Jones,SD
Brookford,Catawba,NC
Grandfather,Avery,NC
Valle Crucis,Watauga,NC
Rayle,Wilkes,GA
Cowgill,Caldwell,MO
Larson,Burke,ND
Lansing,Ashe,NC
East Cape Girardeau,Alexander,IL
Bryson City,Swain,NC
Montreat,Buncombe,NC
Meyer,Mitchell,IA
Rosman,Transylvania,NC
Gulf Port,Henderson,IL
Burnsville,Yancey,NC
Maggie Valley,Haywood,NC
Fontana Dam,Graham,NC
Excello,Macon,MO
Goodnight,Polk,MO
Gideon,Cherokee,OK
Paxville,Clarendon,SC
Barney,Richland,ND
Govan,Bamberg,SC
Gilbert,Lexington,SC
Boykin,Kershaw,SC
Cope,Orangeburg,SC
Peak,Newberry,SC
Emelle,Sumter,AL
Stuckey,Williamsburg,SC
Lydia,Darlington,SC
Islandton,Colleton,SC
Monetta,Aiken,SC
Long Lake,Florence,WI
Ridge Spring,Saluda,SC
Fingerville,Spartanburg,SC
Princeton,Laurens,SC
Rockville,Charleston,SC
Pawleys Island,Georgetown,SC
Atlantic Beach,Horry,SC
Tatum,Marlboro,SC
Lake View,Dillon,SC
Ware Place,Greenville,SC
Antreville,Abbeville,SC
Lone Elm,Anderson,KS
Memphis,Pickens,AL
Newry,Oconee,SC
Virgil,Greenwood,KS
Ulmer,Allendale,SC
Kline,Barnwell,SC
Mccormick Correctional Inst,Mccormick,SC
Trenton,Edgefield,SC
Luray,Hampton,SC
Valeria,Jasper,IA
Weatherby,Dekalb,MO
Rest Haven,Gwinnett,GA
Austell,Cobb,GA
Carl,Barrow,GA
Lakeview Estates,Rockdale,GA
Cliff Village,Newton,MO
Good Hope,Walton,GA
Taylorsville,Bartow,GA
Waco,Haralson,GA
New Holland,Douglas,SD
Broughton,Paulding,OH
Ranger,Gordon,GA
Toco,Lamar,TX
Orchard Hill,Spalding,GA
Jenkinsburg,Butts,GA
Centralhatchee,Heard,GA
Gay,Meriwether,GA
Turin,Coweta,GA
Hogansville,Troup,GA
Elkport,Clayton,IA
The Rock,Upson,GA
Norristown,Emanuel,GA
Ericson,Wheeler,NE
Bellville,Evans,GA
Register,Bulloch,GA
Mendes,Tattnall,GA
Rocky Ford,Screven,GA
Santa Claus,Toombs,GA
Metter,Candler,GA
Millen,Jenkins,GA
Soperton,Treutlen,GA
Estelline,Hall,TX
Tallulah Falls,Habersham,GA
Gillsville,Banks,GA
Epworth,Fannin,GA
Bonnieville,Hart,KY
Dahlonega,Lumpkin,GA
Willow Island,Dawson,NE
Sky Valley,Rabun,GA
Loco,Stephens,OK
Phillipstown,White,IL
Hiawassee,Towns,GA
Maxeys,Oglethorpe,GA
Dewy Rose,Elbert,GA
Sharon,Taliaferro,GA
Dovray,Murray,MN
Eldridge,Walker,AL
Cohutta,Whitfield,GA
Indian Springs,Catoosa,GA
Menlo,Chattooga,GA
Arcola,Dade,MO
Thomson,Mcduffie,GA
Edge Hill,Glascock,GA
Toomsboro,Wilkinson,GA
Eitzen,Houston,MN
Dooling,Dooly,GA
Byron,Peach,GA
Arabi,Crisp,GA
Ames,Dodge,NE
Cochran,Bleckley,GA
Allentown,Twiggs,GA
Perdido Beach,Baldwin,AL
Jacksonville,Telfair,GA
Frytown,Johnson,IA
West Blocton,Bibb,AL
Catherine,Wilcox,AL
Dayton Lakes,Liberty,TX
Shumway,Effingham,IL
Hanna,Mcintosh,OK
Hendrix,Bryan,OK
Ludowici,Long,GA
Sunnyside,Ware,GA
Alma,Bacon,GA
Hillsboro,Coffee,TN
Surrency,Appling,GA
Selz,Pierce,ND
Country Club Estates,Glynn,GA
Valentine,Jeff Davis,TX
Homeland,Charlton,GA
Hoboken,Brantley,GA
Lowndesboro,Lowndes,AL
Lutsen,Cook,MN
Michiana,Berrien,MI
Du Pont,Clinch,GA
Willacoochee,Atkinson,GA
Flowella,Brooks,TX
Levant,Thomas,KS
Lakeland,Lanier,GA
Statenville,Echols,GA
Putney,Dougherty,GA
Dolton,Turner,SD
Ellenton,Colquitt,GA
Ty Ty,Tift,GA
Fitzgerald,Ben Hill,GA
Ocilla,Irwin,GA
Bolan,Worth,IA
Morgan's Point,Harris,TX
Cusseta,Chattahoochee,GA
Ellaville,Schley,GA
American Family Life Ins,Muscogee,GA
Cumberland City,Stewart,TN
Hastings,Saint Johns,FL
Branford,Suwannee,FL
Aullville,Lafayette,MO
Greenhorn,Baker,OR
Concepcion,Duval,TX
Nunda,Lake,SD
Seville,Volusia,FL
Marineland,Flagler,FL
Leona,Leon,TX
Saint Marks,Wakulla,FL
Greensboro,Gadsden,FL
Mexico Beach,Bay,FL
West,Holmes,MS
Wewahitchka,Gulf,FL
Pollard,Escambia,AL
Cobbtown,Santa Rosa,FL
Cinco Bayou,Okaloosa,FL
Micanopy,Alachua,FL
Spring Ridge,Gilchrist,FL
Morriston,Levy,FL
Horseshoe Beach,Dixie,FL
Lima,Seminole,OK
Melbourne Village,Brevard,FL
Orchid,Indian River,FL
Indian Creek,Miami-Dade,FL
Lazy Lake,Broward,FL
Lake Harbor,Palm Beach,FL
Pioneer,Hendry,FL
Buckhead Ridge,Glades,FL
Aripeka,Pasco,FL
Belleair Shore,Pinellas,FL
Avon Park,Highlands,FL
Fort Green Springs,Hardee,FL
Melvin,Osceola,IA
Chokoloskee,Collier,FL
Bradenton Beach,Manatee,FL
Nokomis,Sarasota,FL
Gloster,De Soto,LA
Black Diamond,Citrus,FL
Weeki Wachee,Hernando,FL
Saint Lucie Village,Saint Lucie,FL
Cypress Quarters,Okeechobee,FL
Rentchler,Saint Clair,IL
Jacksonville,Shelby,IA
Goldville,Tallapoosa,AL
County Line,Blount,AL
Bon Air,Talladega,AL
East Point,Cullman,AL
Maplesville,Chilton,AL
Kellyton,Coosa,AL
Coker,Tuscaloosa,AL
Newbern,Hale,AL
Natural Bridge,Winston,AL
Mooresville,Limestone,AL
Waterloo,Lauderdale,AL
Leighton,Colbert,AL
Ridgeville,Etowah,AL
Sedan,De Kalb,IN
Billingsley,Autauga,AL
Eclectic,Elmore,AL
Petrey,Crenshaw,AL
Fitzpatrick,Bullock,AL
Libertyville,Covington,AL
Higden,Cleburne,AR
Napier Field,Dale,AL
Black,Geneva,AL
Repton,Conecuh,AL
Movico,Mobile,AL
Louisburg,Dallas,MO
Nanafalia,Marengo,AL
Penton,Chambers,AL
Swink,Choctaw,OK
Spillertown,Williamson,IL
Pegram,Cheatham,TN
Auburntown,Cannon,TN
Hunnewell,Sumner,KS
Wrigley,Hickman,TN
Slayden,Dickson,TN
Athol,Smith,KS
Cedar Hill,Robertson,TN
Hartsville,Trousdale,TN
Louise,Humphreys,MS
Mount Pleasant,Maury,TN
Brimson,Grundy,MO
Niota,Mcminn,TN
Hermitage,Bradley,AR
Graysville,Rhea,TN
Tuppers Plains,Meigs,OH
Lone Oak,Sequatchie,TN
Pikeville,Bledsoe,TN
Bulls Gap,Hawkins,TN
Alzada,Carter,MT
Banner Hill,Unicoi,TN
Lisbon,Claiborne,LA
Rutledge,Grainger,TN
Parrottsville,Cocke,TN
Ben Lomond,Sevier,AR
Greenback,Loudon,TN
Morristown,Hamblen,TN
Maury City,Crockett,TN
Kempton,Tipton,IN
Newbern,Dyer,TN
Saulsbury,Hardeman,TN
Bellfountain,Benton,OR
Sharon,Weakley,TN
Samburg,Obion,TN
Mackey,Gibson,IN
Chewalla,Mcnairy,TN
Le Roy,Decatur,IA
Owasa,Hardin,IA
Allardt,Fentress,TN
Wilder,Overton,TN
Byrdstown,Pickett,TN
Mount Sterling,Van Buren,IA
Coldwater,Tate,MS
Gary City,Panola,TX
Falcon,Quitman,MS
Dumas,Tippah,MS
Lula,Coahoma,MS
White Oak,Tunica,MS
Sacred Heart League,Desoto,MS
Winstonville,Bolivar,MS
Cary,Sharkey,MS
Doddsville,Sunflower,MS
Mayersville,Issaquena,MS
Fitzhugh,Pontotoc,OK
Paden,Tishomingo,MS
Marietta,Prentiss,MS
Rienzi,Alcorn,MS
Tremont,Itawamba,MS
Bassett,Chickasaw,IA
Holcomb,Grenada,MS
Glendora,Tallahatchie,MS
Tillatoba,Yalobusha,MS
Morgan City,Leflore,MS
Satartia,Yazoo,MS
Learned,Hinds,MS
Puckett,Rankin,MS
Lena,Leake,MS
Wesson,Copiah,MS
D'Lo,Simpson,MS
McCool,Attala,MS
Shuqualak,Noxubee,MS
Scooba,Kemper,MS
Bogue Chitto,Neshoba,MS
Rawls Springs,Forrest,MS
Bassfield,Jefferson Davis,MS
Hide-A-Way Lake,Pearl River,MS
Lucedale,George,MS
Coney Island,Stone,MO
Gloster,Amite,MS
Tylertown,Walthall,MS
Sturgis,Oktibbeha,MS
Cedar Springs,Early,GA
Parrott,Terrell,GA
Calvary,Grady,GA
Adrian,Oldham,TX
Milton,Trimble,KY
Gentryville,Spencer,IN
Hunters Hollow,Bullitt,KY
Ekron,Meade,KY
Cloverport,Breckinridge,KY
Garrison,Powell,MT
Frenchburg,Menifee,KY
Ravenna,Estill,KY
Keene,Jessamine,KY
Kappa,Woodford,IL
Mapleton,Bourbon,KS
Gratz,Owen,KY
Crocker,Clark,SD
Brodhead,Rockcastle,KY
Paint Lick,Garrard,KY
Perryville,Boyle,KY
Larwill,Whitley,IN
East Bernstadt,Laurel,KY
Ragan,Harlan,NE
Hyden,Leslie,KY
Arjay,Bell,KY
Millstone,Letcher,KY
Germantown,Bracken,KY
Kenton Vale,Kenton,KY
Elizaville,Fleming,KY
Hebgen Lake Estates,Gallatin,MT
Monowi,Boyd,NE
Bellefonte,Greenup,KY
Sandy Hook,Elliott,KY
Hazel Green,Wolfe,KY
Whick,Breathitt,KY
Booneville,Owsley,KY
Salyersville,Magoffin,KY
Pippa Passes,Knott,KY
Heath,Mccracken,KY
Dexter,Calloway,KY
Lovelaceville,Ballard,KY
Cunningham,Carlisle,KY
Lowes,Graves,KY
Tolu,Crittenden,KY
Bushong,Lyon,KS
Bassett,Allen,KS
Hiseville,Barren,KY
Summer Shade,Metcalfe,KY
Brownsville,Edmonson,KY
West Union,Todd,MN
Cerulean,Trigg,KY
Gracey,Christian,KY
Lock Springs,Daviess,MO
Cleaton,Muhlenberg,KY
Internal Revenue Service,Mclean,IL
Nebo,Hopkins,KY
Yosemite,Casey,KY
Whitley City,Mccreary,KY
Zion,Adair,OK
Magnolia,Larue,KY
Juda,Green,WI
Brownsville,Licking,OH
Foosland,Champaign,IL
South Salem,Ross,OH
Darbyville,Pickaway,OH
Carbon Hill,Hocking,OH
Sparta,Morrow,OH
Marseilles,Wyandot,OH
Vickery,Sandusky,OH
Culver,Ottawa,KS
Harbor View,Lucas,OH
Springbrook,Williams,ND
Ney,Defiance,OH
Norwich,Muskingum,OH
Batesville,Noble,OH
Glencoe,Belmont,OH
Kimbolton,Guernsey,OH
Nellie,Coshocton,OH
Stone Creek,Tuscarawas,OH
Summitville,Columbiana,OH
Rochester,Lorain,OH
Rock Creek,Ashtabula,OH
Linndale,Cuyahoga,OH
Parkman,Geauga,OH
Echo,Summit,UT
Nelsonville,Portage,WI
Gloria Glens Park,Medina,OH
Damascus,Mahoning,OH
Yankee Lake,Trumbull,OH
Limaville,Stark,OH
Clam Lake,Ashland,WI
Celeryville,Huron,OH
West Elkton,Preble,OH
Verdon,Brown,SD
Chilo,Clermont,OH
Ithaca,Darke,OH
Macy,Miami,IN
Kanauga,Gallia,OH
Wilkesville,Vinton,OH
Otway,Scioto,OH
Hockingport,Athens,OH
Uniopolis,Auglaize,OH
Elgin,Van Wert,OH
Stilesville,Hendricks,IN
Timken,Rush,KS
Dune Acres,Porter,IN
Westville,La Porte,IN
San Pierre,Starke,IN
Sidney,Kosciusko,IN
Millersburg,Elkhart,IN
Business Reply,St Joseph,IN
Lakeside,Lagrange,IN
Mount Etna,Huntington,IN
Heimdal,Wells,ND
Ayr,Cass,ND
Keensburg,Wabash,IL
West Harrison,Dearborn,IN
Oxly,Ripley,MO
East Enterprise,Switzerland,IN
Scipio,Jennings,IN
Jonesville,Bartholomew,IN
Salamonia,Jay,IN
Shamrock Lakes,Blackford,IN
Birdseye,Dubois,IN
Tennyson,Warrick,IN
Griffin,Posey,IN
Darmstadt,Vanderburgh,IN
Dresser,Vigo,IN
Mecca,Parke,IN
Blanford,Vermillion,IN
Buck Creek,Tippecanoe,IN
Mellott,Fountain,IN
Clifford,Lapeer,MI
Memphis,Macomb,MI
Lake Angelus,Oakland,MI
Barton Hills,Washtenaw,MI
Forestville,Sanilac,MI
Lennon,Shiawassee,MI
Oakley,Saginaw,MI
Gagetown,Tuscola,MI
Twining,Arenac,MI
Beaverton,Gladwin,MI
Perrinton,Gratiot,MI
Farwell,Clare,MI
Sanford,Midland,MI
Mio,Oscoda,MI
Prudenville,Roscommon,MI
Prescott,Ogemaw,MI
Lost Lake Woods,Alcona,MI
Whittemore,Iosco,MI
Loomis,Isabella,MI
Dansville,Ingham,MI
Clarksville,Ionia,MI
Pierson,Montcalm,MI
Mulliken,Eaton,MI
Arrow Point,Barry,MO
Climax,Kalamazoo,MI
Saugatuck,Allegan,MI
Sherwood,Branch,MI
Indian Village,Saint Joseph,IN
Cement City,Lenawee,MI
North Adams,Hillsdale,MI
Fruitport,Muskegon,MI
Stanwood,Mecosta,MI
White Cloud,Newaygo,MI
Walkerville,Oceana,MI
Caberfae,Wexford,MI
Interlochen,Grand Traverse,MI
Alden,Antrim,MI
Filer City,Manistee,MI
Pilgrim,Benzie,MI
Lake Leelanau,Leelanau,MI
McBain,Missaukee,MI
Manistee Lake,Kalkaska,MI
Wolverine,Cheboygan,MI
Ponshewaing,Emmet,MI
Ossineke,Alpena,MI
Canada Creek Ranch,Montmorency,MI
Watson,Chippewa,MN
Ironton,Charlevoix,MI
Mackinac Island,Mackinac,MI
Millersburg,Presque Isle,MI
Manchester,Dickinson,KS
Copper Harbor,Keweenaw,MI
Munising,Alger,MI
Pecan Gap,Delta,TX
Packwaukee,Marquette,WI
Zoar,Menominee,WI
Manistique,Schoolcraft,MI
Mcmillan,Luce,MI
Beryl Junction,Iron,UT
Copper City,Houghton,MI
Zeba,Baraga,MI
White Pine,Ontonagon,MI
Marenisco,Gogebic,MI
Kelley,Story,IA
Brayton,Audubon,IA
Jamaica,Guthrie,IA
Keomah Village,Mahaska,IA
Galt,Wright,IA
Beaconsfield,Ringgold,IA
Hartwick,Poweshiek,IA
Hayesville,Keokuk,IA
Burchinal,Cerro Gordo,IA
Scarville,Winnebago,IA
Saint Benedict,Kossuth,IA
Truesdale,Buena Vista,IA
Rodman,Palo Alto,IA
Denio,Humboldt,NV
Lytton,Sac,IA
Gilbertville,Black Hawk,IA
Frederika,Bremer,IA
Vining,Tama,IA
Chatsworth,Sioux,IA
Oto,Woodbury,IA
Galva,Ida,IA
Hartley,Obrien,IA
Rodney,Monona,IA
Bentley,Pottawattamie,IA
Hastings,Mills,IA
Warm River,Fremont,ID
Durango,Dubuque,IA
Jackson Junction,Winneshiek,IA
Waterville,Allamakee,IA
West Scio,Linn,OR
East Amana,Iowa,IA
Obert,Cedar,NE
Chillicothe,Wapello,IA
Floris,Davis,IA
Udell,Appanoose,IA
Middletown,Des Moines,IA
Stockton,Muscatine,IA
Greenbush,Sheboygan,WI
Waubeka,Ozaukee,WI
Lac La Belle,Waukesha,WI
Van Dyne,Fond Du Lac,WI
Collins,Manitowoc,WI
Stockbridge,Calumet,WI
Lily Lake,Kenosha,WI
River Hills,Milwaukee,WI
Lowry,Walworth,SD
North Bay,Racine,WI
Kenneth,Rock,MN
Blue Mounds,Dane,WI
Lime Ridge,Sauk,WI
Dalton,Green Lake,WI
Hustler,Juneau,WI
Townsend,Oconto,WI
Dunbar,Marinette,WI
Nichols,Outagamie,WI
Thornton,Shawano,WI
Casco,Kewaunee,WI
Ellison Bay,Door,WI
Knowlton,Marathon,WI
Summit Lake,Langlade,WI
Kennan,Price,WI
Boulder Junction,Vilas,WI
Ingram,Rusk,WI
Bangor,La Crosse,WI
Gann Valley,Buffalo,SD
Pigeon Falls,Trempealeau,WI
Stotesbury,Vernon,MO
Fairchild,Eau Claire,WI
Stockholm,Pepin,WI
Manning,Dunn,ND
Barronett,Barron,WI
Springbrook,Washburn,WI
Herbster,Bayfield,WI
Couderay,Sawyer,WI
Danbury,Burnett,WI
Big Falls,Waupaca,WI
Tustin,Waushara,WI
Center City,Chisago,MN
Hilltop,Anoka,MN
Stanchfield,Isanti,MN
Denham,Pine,MN
Bellechester,Goodhue,MN
New Trier,Dakota,MN
Raymond,Rice,KS
Hammond,Wabasha,MN
Luverne,Steele,ND
Quamba,Kanabec,MN
Churchs Ferry,Ramsey,ND
Medicine Lake,Hennepin,MN
Clear Lake,Sherburne,MN
Grano,Renville,ND
Winsted,Mcleod,MN
New Germany,Carver,MN
Cedar Mills,Meeker,MN
New Auburn,Sibley,MN
Saint Rosa,Stearns,MN
Bock,Mille Lacs,MN
Champ,Saint Louis,MO
Kettle River,Carlton,MN
Zemple,Itasca,MN
McGrath,Aitkin,MN
Dover,Olmsted,MN
Sargeant,Mower,MN
Minneiska,Winona,MN
Strang,Fillmore,NE
Pemberton,Blue Earth,MN
Courtland,Nicollet,MN
Myrtle,Freeborn,MN
Walters,Faribault,MN
Darfur,Watonwan,MN
Heidelberg,Le Sueur,MN
Waldorf,Waseca,MN
Delhi,Redwood,MN
Bingham Lake,Cottonwood,MN
Kinbrae,Nobles,MN
Hatfield,Pipestone,MN
Regal,Kandiyohi,MN
Alberta,Stevens,MN
Holloway,Swift,MN
Correll,Big Stone,MN
Marietta,Lac Qui Parle,MN
Tintah,Traverse,MN
Hazel Run,Yellow Medicine,MN
Hillman,Morrison,MN
Sedan,Pope,MN
Urbank,Otter Tail,MN
Manhattan Beach,Crow Wing,MN
Laporte,Hubbard,MN
Aldrich,Wadena,MN
Wolf Lake,Becker,MN
Perley,Norman,MN
The Ranch,Mahnomen,MN
Doran,Wilkin,MN
Funkley,Beltrami,MN
Roy Lake,Clearwater,MN
Oak Island,Lake Of The Woods,MN
Mizpah,Koochiching,MN
Strathcona,Roseau,MN
Quinn,Pennington,SD
Donaldson,Kittson,MN
Plummer,Red Lake,MN
Bushnell,Brookings,SD
Pine Lakes Addition,Minnehaha,SD
Bridgewater,Mccook,SD
Trent,Moody,SD
Milltown,Hutchinson,SD
Utica,Yankton,SD
Running Water,Bon Homme,SD
Waverly,Codington,SD
Bancroft,Kingsbury,SD
Altamont,Deuel,SD
Hazel,Hamlin,SD
White Rock,Roberts,SD
Lily,Day,SD
Ethan,Davison,SD
Farmer,Hanson,SD
Forestburg,Sanborn,SD
Herrick,Gregory,SD
Roswell,Miner,SD
Virgil,Beadle,SD
Pukwana,Brule,SD
Ravinia,Charles Mix,SD
Wessington Springs,Jerauld,SD
Ree Heights,Hand,SD
Vivian,Lyman,SD
Storla,Aurora,SD
Turton,Spink,SD
Hosmer,Edmunds,SD
Onaka,Faulk,SD
Tryon,Mcpherson,NE
Atwood,Hughes,OK
Cow Creek,Sully,SD
New Witten,Tripp,SD
Fort Pierre,Stanley,SD
Tuthill,Bennett,SD
Philip,Haakon,SD
Corn Creek,Mellette,SD
Prairie City,Perkins,SD
Morristown,Corson,SD
Dupree,Ziebach,SD
Green Grass,Dewey,SD
Camp Crook,Harding,SD
Montier,Shannon,MO
Robinson Mill,Butte,CA
Ismay,Custer,MT
Oelrichs,Fall River,SD
Blanchard,Traill,ND
De Lamere,Sargent,ND
Fort Ransom,Ransom,ND
Pillsbury,Barnes,ND
Inkster,Grand Forks,ND
Canton City,Pembina,ND
Auburn,Walsh,ND
Hannah,Cavalier,ND
Mylo,Rolette,ND
Perth,Towner,ND
Overly,Bottineau,ND
Brinsmade,Benson,ND
Loco Hills,Eddy,NM
Spiritwood,Stutsman,ND
Verona,Lamoure,ND
Jessie,Griggs,ND
Grace City,Foster,ND
Denhoff,Sheridan,ND
Ludden,Dickey,ND
Robinson,Kidder,ND
Regan,Burleigh,ND
Richfield,Morton,KS
Braddock,Emmons,ND
Center,Oliver,ND
Amidon,Slope,ND
Sentinel Butte,Golden Valley,ND
Gascoyne,Bowman,ND
Medora,Billings,ND
Watford Cty,Mckenzie,ND
Regent,Hettinger,ND
Foxholm,Ward,ND
Lk In The Hls,Mchenry,IL
Fortuna,Divide,ND
White Earth,Mountrail,ND
Reed Point,Stillwater,MT
Ballantine,Yellowstone,MT
Birney,Rosebud,MT
Hysham,Treasure,MT
Greycliff,Sweet Grass,MT
Saint Xavier,Big Horn,MT
Guffey,Park,CO
Grass Range,Fergus,MT
Shawmut,Wheatland,MT
Martinsdale,Meagher,MT
Klein,Musselshell,MT
Bison,Garfield,OK
Biddle,Powder River,MT
Winnett,Petroleum,MT
Causey,Roosevelt,NM
Vida,Mccone,MT
Flaxville,Daniels,MT
Elyria,Valley,NE
Zortman,Phillips,MT
Ulm,Prairie,AR
Plevna,Fallon,MT
Wibaux,Wibaux,MT
Neihart,Cascade,MT
Babb,Glacier,MT
Dupuyer,Pondera,MT
Bynum,Teton,MT
Kevin,Toole,MT
Loma,Chouteau,MT
Geyser,Judith Basin,MT
Inverness,Hill,MT
Greenfield,Blaine,OK
Wolf Creek,Lewis And Clark,MT
Toston,Broadwater,MT
Walkerville,Silver Bow,MT
Anaconda,Deer Lodge,MT
Wisdom,Beaverhead,MT
Huson,Missoula,MT
Conner,Ravalli,MT
Weeksville,Sanders,MT
Maxville,Granite,MT
Niarada,Flathead,MT
Fox Valley Facility,Dupage,IL
Alton,Kane,UT
Adeline,Ogle,IL
Symerton,Will,IL
Fowlerton,La Salle,TX
Plattville,Kendall,IL
Union Hill,Kankakee,IL
Papineau,Iroquois,IL
Fort Dodge,Ford,KS
Muncie,Vermilion,IL
Nora,Jo Daviess,IL
Ridott,Stephenson,IL
Deer Grove,Whiteside,IL
Rock Island Arsenal,Rock Island,IL
New Bedford,Bureau,IL
Tennessee,Mcdonough,IL
Mapleton,Peoria,IL
Weldon,Dewitt,IL
LaPlace,Piatt,IL
Lerna,Coles,IL
Allenville,Moultrie,IL
Redmon,Edgar,IL
Scottville,Macoupin,IL
Fidelity,Jersey,IL
Old Ripley,Bond,IL
Belpre,Edwards,KS
Cantrall,Sangamon,IL
Oakford,Menard,IL
Joppa,Massac,IL
Arrow Rock,Saline,MO
Frankclay,Saint Francois,MO
Usps Inspection Service,Saint Louis City,MO
Taft,Saint Charles,LA
Vandiver,Audrain,MO
Center,Ralls,MO
Centerville,Reynolds,MO
Saint Mary,Sainte Genevieve,MO
Zalma,Bollinger,MO
Dutchtown,Cape Girardeau,MO
Penermon,Stoddard,MO
Birdsong,Mississippi,AR
Rives,Dunklin,MO
Pascola,Pemiscot,MO
North Lilbourn,New Madrid,MO
Cornlea,Platte,NE
Elmira,Ray,MO
McFall,Gentry,MO
Rea,Andrew,MO
Arkoe,Nodaway,MO
Corning,Holt,MO
Blanchard,Atchison,MO
Dalton,Chariton,MO
Merwin,Bates,MO
Milford,Barton,MO
Tiff City,Mcdonald,MO
Foraker,Osage,OK
Vienna,Maries,MO
Hermann,Gasconade,MO
Boykin,Miller,GA
Lupus,Moniteau,MO
Lohman,Cole,MO
Kingdom City,Callaway,MO
Wooldridge,Cooper,MO
Hughesville,Pettis,MO
Atlanta,Phelps,NE
Timber,Dent,MO
Plato,Texas,MO
Evergreen,Laclede,MO
South Fork,Howell,MO
Koshkonong,Oregon,MO
Sundown,Ozark,MO
Kirbyville,Taney,MO
Cross Timbers,Hickory,MO
Easton,Leavenworth,KS
Leona,Doniphan,KS
Edwardsville,Wyandotte,KS
Paxico,Wabaunsee,KS
Willard,Shawnee,KS
Julian,Nemaha,NE
Brooksville,Pottawatomie,OK
Milford,Geary,KS
Leonardville,Riley,KS
Earlton,Neosho,KS
Gridley,Coffey,KS
Piqua,Woodson,KS
Enders,Chase,NE
Jamestown,Cloud,KS
Agenda,Republic,KS
Webber,Jewell,KS
Viola,Sedgwick,KS
Freeport,Harper,KS
Cambridge,Cowley,KS
Burrton,Harvey,KS
Byers,Pratt,KS
Wilmore,Comanche,KS
Penalosa,Kingman,KS
Cooperton,Kiowa,OK
Sun City,Barber,KS
Bartlett,Labette,KS
Alton,Osborne,KS
Lorraine,Ellsworth,KS
Langdon,Reno,KS
Brownell,Ness,KS
Oak Grove,Pawnee,OK
Catharine,Ellis,KS
Edmond,Norton,KS
Collyer,Trego,KS
Zurich,Rooks,KS
Herndon,Rawlins,KS
Lorenzo,Cheyenne,NE
Biggs Junction,Sherman,OR
Gove City,Gove,KS
Weskan,Wallace,KS
Ensign,Gray,KS
Deerfield,Kearny,KS
Healy,Lane,KS
Holcomb,Finney,KS
Hanston,Hodgeman,KS
Manter,Stanton,KS
Tamora,Seward,NE
Marienthal,Wichita,KS
Weinert,Haskell,TX
Horace,Greeley,KS
Bancroft,Cuming,NE
La Platte,Sarpy,NE
Wann,Saunders,NE
Lyons,Burt,NE
Rosalie,Thurston,NE
Gilead,Thayer,NE
Holmesville,Gage,NE
Lorton,Otoe,NE
Barada,Richardson,NE
Chapman,Merrick,NE
Maxwell,Colfax,NM
Royal,Antelope,NE
Belgrade,Nance,NE
Waterbury,Dixon,NE
Burton,Keya Paha,NE
Almeria,Loup,NE
Hendley,Furnas,NE
Heartwell,Kearney,NE
Smithfield,Gosper,NE
Nora,Nuckolls,NE
Danbury,Red Willow,NE
Parks,Dundy,NE
Stratton,Hitchcock,NE
Stockville,Frontier,NE
Hamlet,Hayes,NE
Arthur,Arthur,NE
Bushnell,Kimball,NE
Brownlee,Cherry,NE
Keystone,Keith,NE
Lisco,Garden,NE
Mullen,Hooker,NE
Berea,Box Butte,NE
Bayard,Morrill,NE
Whitney,Dawes,NE
McGrew,Scotts Bluff,NE
Harrisburg,Banner,NE
Poydras,Saint Bernard,LA
Pointe a la Hache,Plaquemines,LA
Lions,St John The Baptist,LA
Romeville,Saint James,LA
Kraemer,Lafourche,LA
Bayou Corne,Assumption,LA
Glencoe,Saint Mary,LA
Dulac,Terrebonne,LA
Lemannville,Ascension,LA
Tickfaw,Tangipahoa,LA
Sun,Saint Tammany,LA
Montpelier,Saint Helena,LA
Palmetto,Saint Landry,LA
Lydia,Iberia,LA
Chataignier,Evangeline,LA
Parks,Saint Martin,LA
Egan,Acadia,LA
Starks,Calcasieu,LA
Sugartown,Beauregard,LA
Erwinville,West Baton Rouge,LA
Saint Francisville,West Feliciana,LA
Morganza,Pointe Coupee,LA
Bayou Goula,Iberville,LA
Norwood,East Feliciana,LA
Westminster,East Baton Rouge,LA
Mount Lebanon,Bienville,LA
Bridgeport,Caddo,OK
Plain Dealing,Bossier,LA
Hall Summit,Red River,LA
Robeline,Natchitoches,LA
Fort Jesup,Sabine,LA
Louann,Ouachita,AR
Oak Ridge,Morehouse,LA
Pioneer,West Carroll,LA
Lake Providence,East Carroll,LA
McNary,Rapides,LA
Ridgecrest,Concordia,LA
Plaucheville,Avoyelles,LA
Sicily Island,Catahoula,LA
Waterproof,Tensas,LA
Jordan Hill,Winn,LA
Reed,Desha,AR
Fountain Hill,Ashley,AR
Eudora,Chicot,AR
Tillar,Drew,AR
Floriston,Nevada,CA
Oakhaven,Hempstead,AR
Ogden,Little River,AR
Lonsdale,Garland,AR
Friendship,Hot Spring,AR
Almyra,Arkansas,AR
Coy,Lonoke,AR
Center Ridge,Conway,AR
Mount Vernon,Faulkner,AR
Hunter,Woodruff,AR
Moorefield,Independence,AR
Hickory Ridge,Cross,AR
Widener,Saint Francis,AR
Waldenburg,Poinsett,AR
Egypt,Craighead,AR
Williford,Sharp,AR
Guion,Izard,AR
Big Flat,Baxter,AR
Gilbert,Searcy,AR
Corinth,Yell,AR
Central City,Sebastian,AR
Smith Village,Oklahoma,OK
Rosedale,Mcclain,OK
Loyal,Kingfisher,OK
Colony,Washita,OK
Okarche,Canadian,OK
Erin Springs,Garvin,OK
Creedmoor,Travis,TX
Thackerville,Love,OK
Devol,Cotton,OK
Gould,Harmon,OK
Loveland,Tillman,OK
Willow,Greer,OK
Strong City,Roger Mills,OK
Texola,Beckham,OK
Lambert,Alfalfa,OK
Dacoma,Woods,OK
Meno,Major,OK
Mutual,Woodward,OK
Felt,Cimarron,OK
Lotsee,Tulsa,OK
Shamrock,Creek,OK
Fair Oaks,Wagoner,OK
Valley Park,Rogers,OK
Glencoe,Payne,OK
New Alluwe,Nowata,OK
Hoot Owl,Mayes,OK
Sour John,Muskogee,OK
Hoffman,Okmulgee,OK
Indianola,Pittsburg,OK
Badger Lee,Sequoyah,OK
Albion,Pushmataha,OK
Wardville,Atoka,OK
Centrahoma,Coal,OK
Gowen,Latimer,OK
Cowlington,Le Flore,OK
Nardin,Kay,OK
Watson,Mccurtain,OK
Clearview,Okfuskee,OK
New Hope,Collin,TX
Corral City,Denton,TX
Mobile City,Rockwall,TX
Edom,Van Zandt,TX
Mustang,Navarro,TX
Grays Prairie,Kaufman,TX
Neylandville,Hunt,TX
Point,Rains,TX
Rocky Mound,Camp,TX
Miller's Cove,Titus,TX
Leary,Bowie,TX
Warren City,Gregg,TX
Chireno,Nacogdoches,TX
Ruth,Trinity,CA
Kirvin,Freestone,TX
Zavalla,Angelina,TX
Broaddus,San Augustine,TX
Cool,Parker,TX
Westover Hills,Tarrant,TX
Brazos Bend,Hood,TX
Glen Rose,Somervell,TX
Mingus,Palo Pinto,TX
Sunset,Montague,TX
Callisburg,Cooke,TX
Megargel,Archer,TX
Odell,Wilbarger,TX
Newcastle,Young,TX
Seymour,Baylor,TX
Dublin,Erath,TX
Perrin,Jack,TX
Rising Star,Eastland,TX
Cross Plains,Callahan,TX
Moran,Shackelford,TX
Throckmorton,Throckmorton,TX
Milano,Milam,TX
South Mountain,Coryell,TX
Va Regional Office,Mclennan,TX
Lometa,Lampasas,TX
Golinda,Falls,TX
Cranfills Gap,Bosque,TX
Miles,Runnels,TX
Richland Springs,San Saba,TX
Voca,Mcculloch,TX
Novice,Coleman,TX
Sunrise Beach Village,Llano,TX
Paint Rock,Concho,TX
Junction,Kimble,TX
Christoval,Tom Green,TX
Mertzon,Irion,TX
Big Lake,Reagan,TX
Bronte,Coke,TX
Eldorado,Schleicher,TX
Sonora,Sutton,TX
Sterling City,Sterling,TX
Oakhurst,San Jacinto,TX
Todd Mission,Grimes,TX
Blessing,Matagorda,TX
Glidden,Colorado,TX
Thompsons,Fort Bend,TX
Industry,Austin,TX
Iago,Wharton,TX
Quintana,Brazoria,TX
Pattison,Waller,TX
Tiki Island,Galveston,TX
Millican,Brazos,TX
Snook,Burleson,TX
Placedo,Victoria,TX
Austwell,Refugio,TX
Kenney,De Witt,IL
Berclair,Goliad,TX
Moulton,Lavaca,TX
Macdona,Bexar,TX
Lake Medina Shores,Bandera,TX
Hilltop,Frio,TX
Tilden,Mcmullen,TX
Leming,Atascosa,TX
Ingram,Kerr,TX
Three Rivers,Live Oak,TX
Los Huisaches,Webb,TX
Morales-Sanchez,Zapata,TX
Spring Branch,Comal,TX
Normanna,Bee,TX
Pastura,Guadalupe,NM
Falls City,Karnes,TX
Smiley,Gonzales,TX
Petronila,Nueces,TX
Westdale,Jim Wells,TX
Falman,San Patricio,TX
Sarita,Kenedy,TX
Holiday Beach,Aransas,TX
South Fork Estates,Jim Hogg,TX
Ricardo,Kleberg,TX
Playas,Hidalgo,NM
Elias-Fela Solis,Starr,TX
Santa Monica,Willacy,TX
McDade,Bastrop,TX
Highland Haven,Burnet,TX
Round Mountain,Blanco,TX
Driftwood,Hays,TX
Willow City,Gillespie,TX
Utopia,Uvalde,TX
Catarina,Dimmit,TX
Amaya,Zavala,TX
Spofford,Kinney,TX
Leakey,Real,TX
Amistad,Val Verde,TX
El Indio,Maverick,TX
Darrouzett,Lipscomb,TX
Farwell,Parmer,TX
Glazier,Hemphill,TX
Palisades,Randall,TX
Channing,Hartley,TX
Texline,Dallam,TX
Hereford,Deaf Smith,TX
Nazareth,Castro,TX
Springlake,Lamb,TX
Perryton,Ochiltree,TX
Skellytown,Carson,TX
Morse,Hansford,TX
Happy,Swisher,TX
Quail,Collingsworth,TX
Tell,Childress,TX
Spur,Dickens,TX
Paducah,Cottle,TX
Hedley,Donley,TX
Crowell,Foard,TX
Roaring Springs,Motley,TX
Quitaque,Briscoe,TX
Opdyke West,Hockley,TX
Whiteface,Cochran,TX
Wellman,Terry,TX
Lorenzo,Crosby,TX
Plains,Yoakum,TX
Muleshoe,Bailey,TX
Buffalo Springs,Lubbock,TX
Post,Garza,TX
Loop,Gaines,TX
New Home,Lynn,TX
Aspermont,Stonewall,TX
Blackwell,Nolan,TX
Hermleigh,Scurry,TX
Roby,Fisher,TX
McKinney Acres,Andrews,TX
Toyah,Reeves,TX
Coyanosa,Pecos,TX
Crane,Crane,TX
Gail,Borden,TX
Garden City,Glasscock,TX
Goldsmith,Ector,TX
Wink,Winkler,TX
McCamey,Upton,TX
Mentone,Loving,TX
Butterfield,El Paso,TX
Terlingua,Brewster,TX
Dell City,Hudspeth,TX
Redford,Presidio,TX
Van Horn,Culberson,TX
Brick Center,Arapahoe,CO
Thornton,Broomfield,CO
Eldora,Boulder,CO
Western Area Usps,Denver,CO
Rollinsville,Gilpin,CO
McCoy,Eagle,CO
Silver Plume,Clear Creek,CO
Parshall,Grand,CO
Phippsburg,Routt,CO
Raymer,Weld,CO
Red Feather Lakes,Larimer,CO
Buckshot,Yuma,AZ
Vona,Kit Carson,CO
Goldfield,Teller,CO
Rye,Pueblo,CO
Valdez,Las Animas,CO
Two Buttes,Baca,CO
Mayhill,Otero,NM
Sugar City,Crowley,CO
Hasty,Bent,CO
La Veta,Huerfano,CO
Hartman,Prowers,CO
Hooper,Alamosa,CO
Capulin,Conejos,CO
Arboles,Archuleta,CO
Southern Ute,La Plata,CO
San Acacio,Costilla,CO
Bonanza,Saguache,CO
Smeltertown,Chaffee,CO
Marble,Gunnison,CO
Cathedral,Hinsdale,CO
Rico,Dolores,CO
Towaoc,Montezuma,CO
Conchas Dam,San Miguel,NM
Redvale,Montrose,CO
Colona,Ouray,CO
De Beque,Mesa,CO
Maybell,Moffat,CO
Redstone,Pitkin,CO
Rangely,Rio Blanco,CO
Albin,Laramie,WY
Hawk Springs,Goshen,WY
Lance Creek,Niobrara,WY
Lost Springs,Converse,WY
Farson,Sweetwater,WY
Ten Sleep,Washakie,WY
Kirby,Hot Springs,WY
Meadow Acres,Natrona,WY
Hill View Heights,Weston,WY
Hulett,Crook,WY
Cora,Sublette,WY
Fort Bridger,Uinta,WY
Arimo,Bannock,ID
Atomic City,Bingham,ID
Arbon Valley,Power,ID
Bancroft,Caribou,ID
Bloomington,Bear Lake,ID
Leadore,Lemhi,ID
Murtaugh,Twin Falls,ID
Malta,Cassia,ID
Bliss,Gooding,ID
Hill City,Camas,ID
Eden,Jerome,ID
Acequia,Minidoka,ID
Swan Valley,Bonneville,ID
Peck,Nez Perce,ID
Elk City,Idaho,ID
Princeton,Latah,ID
Murphy,Owyhee,ID
Melba,Canyon,ID
Hidden Springs,Ada,ID
Emmett,Gem,ID
New Plymouth,Payette,ID
Lowman,Boise,ID
State Line,Kootenai,ID
Hope,Bonner,ID
Moyie Springs,Boundary,ID
Wardner,Shoshone,ID
Parkline,Benewah,ID
Tabiona,Duchesne,UT
Elberta,Utah,UT
Alta,Salt Lake,UT
Jensen,Uintah,UT
Ophir,Tooele,UT
Flaming Gorge,Daggett,UT
Laketown,Rich,UT
Interlaken,Wasatch,UT
Huntsville,Weber,UT
Snowville,Box Elder,UT
Avon,Cache,UT
Clawson,Emery,UT
Wales,Sanpete,UT
Oasis,Millard,UT
Rocky Ridge,Juab,UT
Kingston,Piute,UT
Wintersburg,Maricopa,AZ
Tat Momoli,Pinal,AZ
Hunter Creek,Gila,AZ
Ko Vaya,Pima,AZ
Seligman,Yavapai,AZ
Alamo Lake,La Paz,AZ
Topock,Mohave,AZ
Duncan,Greenlee,AZ
Dragoon,Cochise,AZ
Amado,Santa Cruz,AZ
Hard Rock,Navajo,AZ
Lupton,Apache,AZ
Supai,Coconino,AZ
Regina,Sandoval,NM
Casa Colorada,Valencia,NM
Moquino,Cibola,NM
Chilili,Bernalillo,NM
Duran,Torrance,NM
Golden,Santa Fe,NM
San Antonio,Socorro,NM
La Madera,Rio Arriba,NM
Gallup,Mckinley,NM
Taos Ski Valley,Taos,NM
White Rock,Los Alamos,NM
Watrous,Mora,NM
Datil,Catron,NM
Arrey,Sierra,NM
Anthony,Dona Ana,NM
City of the Sun,Luna,NM
Langlois,Curry,OR
Monument,Lea,NM
Lake Sumner,De Baca,NM
Nara Visa,Quay,NM
Lake Arthur,Chaves,NM
Gabbs,Nye,NV
Silver Peak,Esmeralda,NV
Lund,White Pine,NV
Kingston,Lander,NV
Crescent Valley,Eureka,NV
Gerlach,Washoe,NV
Fallon Station,Churchill,NV
Imlay,Pershing,NV
Virginia City,Storey,NV
Nevada Industrial Comm,Carson City,NV
Oasis,Elko,NV
Industry,Los Angeles,CA
Santa Susana,Ventura,CA
Bluewater,San Bernardino,CA
Moskowite Corner,Riverside,CA
Jacumba,San Diego,CA
Ocotillo,Imperial,CA
Cartago,Inyo,CA
Cuyama,Santa Barbara,CA
Poso Park,Tulare,CA
Fellows,Kern,CA
Westside,Fresno,CA
Creston,San Luis Obispo,CA
Moss Landing,Monterey,CA
Aspen Springs,Mono,CA
La Vina,Madera,CA
Tuttle,Merced,CA
Coulterville,Mariposa,CA
Loma Mar,San Mateo,CA
Fruitdale,Santa Clara,CA
Pacific Gas And Electric,San Francisco,CA
Freeport,Sacramento,CA
Sunol,Alameda,CA
Oakville,Napa,CA
Port Costa,Contra Costa,CA
Elmira,Solano,CA
Nicasio,Marin,CA
Salmon Creek,Sonoma,CA
Tres Pinos,San Benito,CA
Farmington,San Joaquin,CA
Vallecito,Calaveras,CA
Long Barn,Tuolumne,CA
Valley Home,Stanislaus,CA
Leggett,Mendocino,CA
Hiouchi,Del Norte,CA
Tennant,Siskiyou,CA
Drytown,Amador,CA
Dutch Flat,Placer,CA
Guinda,Yolo,CA
Coloma,El Dorado,CA
Kirkwood,Alpine,CA
Nicolaus,Sutter,CA
Camptonville,Yuba,CA
Lodoga,Colusa,CA
Elk Creek,Glenn,CA
Valley Ranch,Plumas,CA
Old Station,Shasta,CA
Lake City,Modoc,CA
Little Valley,Lassen,CA
Paynes Creek,Tehama,CA
Kalaeloa,Honolulu,HI
Haena,Kauai,HI
Waiohinu,Hawaii,HI
Manele,Maui,HI
Pago Pago,American Samoa,AS
Tamuning,Guam,GU
Koror Republic Of Palau,Palau,PW
Kosrae,Federated States Of Micro,FM
Tinian Mariana Islands,Northern Mariana Islands,MP
Ebeye Marshall Islands,Marshall Islands,MH
Shaniko,Wasco,OR
Barlow,Clackamas,OR
Maywood Park,Multnomah,OR
Parkdale,Hood River,OR
Amity,Yamhill,OR
Westport,Clatsop,OR
Neahkahnie,Tillamook,OR
Takilma,Josephine,OR
Bonanza,Klamath,OR
Pronghorn,Deschutes,OR
Hines,Harney,OR
Cayuse,Umatilla,OR
Lonerock,Gilliam,OR
Wallowa Lake,Wallowa,OR
Juntura,Malheur,OR
Baring,King,WA
Silvana,Snohomish,WA
Gorst,Kitsap,WA
Vantage,Kittitas,WA
Maple Falls,Whatcom,WA
Rockport,Skagit,WA
Langley,Island,WA
Blyn,Clallam,WA
Santiago,Grays Harbor,WA
Lebam,Pacific,WA
Ryderwood,Cowlitz,WA
Maryhill,Klickitat,WA
Altoona,Wahkiakum,WA
North Bonneville,Skamania,WA
Chelan Falls,Chelan,WA
Disautel,Okanogan,WA
Nile,Yakima,WA
Waverly,Spokane,WA
Lamont,Whitman,WA
Torboy,Ferry,WA
Metaline,Pend Oreille,WA
Prescott,Walla Walla,WA
West Clarkston-Highland,Asotin,WA
Girdwood,Anchorage,AK
Lime Village,Bethel,AK
Attu Station,Aleutians West,AK
Port Alsworth,Lake And Peninsula,AK
Aleneva,Kodiak Island,AK
False Pass,Aleutians East,AK
Nunam Iqua,Wade Hampton,AK
Clark's Point,Dillingham,AK
Beluga,Kenai Peninsula,AK
Fort Yukon,Yukon Koyukuk,AK
Whittier,Valdez Cordova,AK
South Naknek,Bristol Bay,AK
Willow,Matanuska Susitna,AK
Port Clarence,Nome,AK
Yakutat,Yakutat,AK
Harding-Birch Lakes,Fairbanks North Star,AK
Cantwell,Denali,AK
Atqasuk,North Slope,AK
Red Dog Mine,Northwest Arctic,AK
Healy Lake,Southeast Fairbanks,AK
Tenakee Springs,Hoonah Angoon,AK
Excursion Inlet,Haines,AK
Kupreanof,Petersburg,AK
Prt Alexander,Sitka,AK
Skagway,Skagway,AK
Saxman,Ketchikan Gateway,AK
Point Baker,Prince Of Wales Hyder,AK
Wrangell,Wrangell,AK
Polacca,Hopi Nation,AZ
Virginia Beach,Virginia Beach,VA
Chesapeake,Chesapeake,VA
Leroy,McLennan,TX
Newport News,Newport News,VA
Fredericksburg,Fredericksburg,VA
Alexandria,Alexandria,VA
Oakbrook Terrace,DuPage,IL
Organ,Doña Ana,NM
Ruso,McLean,ND
Lynchburg,Lynchburg,VA
Charlottesville,Charlottesville,VA
Portsmouth,Portsmouth,VA
Winchester,Winchester,VA
Harrisonburg,Harrisonburg,VA
Amity,DeKalb,MO
Pottawattamie Park,LaPorte,IN
Staunton,Staunton,VA
Walls,DeSoto,MS
Van Dyne,Fond du Lac,WI
Marysville,Lewis and Clark,MT
Farley,McCracken,KY
Danville,Danville,VA
Manassas,Manassas,VA
Bantry,McHenry,ND
Eagle Harbor,Prince George's,MD
Martinsville,Martinsville,VA
Leonore,LaSalle,IL
Pleasure Bend,Saint John the Baptist,LA
Tse Bonito,McKinley,NM
Waynesboro,Waynesboro,VA
Hopewell,Hopewell,VA
Lake Louise,Matanuska-Susitna,AK
Manassas Park,Manassas Park,VA
Colonial Heights,Colonial Heights,VA
Falls Church,Falls Church,VA
Tall Timbers,Saint Mary's,MD
Hillsview,McPherson,SD
Poquoson,Poquoson,VA
Carrsville,Isle of Wight,VA
Rosedale,McClain,OK
Nordheim,DeWitt,TX
Dearing,McDuffie,GA
East Fairview,McKenzie,ND
Barclay,Queen Anne's,MD
Lomas,Canóvanas,PR
Emporia,Emporia,VA
Galax,Galax,VA
Smithville,McCurtain,OK
Biscay,McLeod,MN
Melvin,McCulloch,TX
Sutherland,O'Brien,IA
Weingarten,Ste. Genevieve,MO
Rio Canas Abajo,Juana Díaz,PR
Kenny Lake,Valdez-Cordova,AK
Stantonville,McNairy,TN
Batesland,Oglala Lakota,SD
Venturia,McIntosh,ND
Coto Norte,Manatí,PR
Tallaboa,Peñuelas,PR
Palmer,Río Grande,PR
Sciota,McDonough,IL
Willington,McCormick,SC
Espino,Añasco,PR
Roderfield,McDowell,WV
Maria Antonia,Guánica,PR
Rew,McKean,PA
Suarez,Loíza,PR
Ginger Blue,McDonald,MO
Pine Knot,McCreary,KY
Hyder,Prince of Wales-Hyder,AK
Stella,Rincón,PR
Niota,McMinn,TN
Pitkas Point,Kusilvak,AK
Howe,LaGrange,IN
Sabana Eneas,San Germán,PR
Baudette,Lake of the Woods,MN
Berlin,LaMoure,ND
Elfin Cove,Hoonah-Angoon,AK
Hato Arriba,San Sebastián,PR
Bridgewater,McCook,SD
Circle,McCone,MT
Birch Creek,Yukon-Koyukuk,AK
Tilden,McMullen,TX
Ugashik,Lake and Peninsula,AK
King and Queen Court House,King and Queen,VA
Louisburg,Lac qui Parle,MN
Kupreanof,Petersburg Borough,AK
