State,County,HispanicPerc
TX,Starr County,95.8
TX,Webb County,95.2
TX,Maverick County,95.1
TX,Zapata County,93.9
TX,Zavala County,93
TX,Jim Hogg County,91.6
TX,Hidalgo County,91.2
TX,Brooks County,89.6
TX,Cameron County,88.7
TX,Duval County,88.5
TX,Willacy County,87.7
TX,Dimmit County,85.9
TX,La Salle County,84.4
AZ,Santa Cruz County,82.8
TX,Presidio County,82.7
CA,Imperial County,82.3
TX,El Paso County,81.2
NM,Mora County,80.6
TX,Val Verde County,80.4
TX,Jim Wells County,79.7
NM,Guadalupe County,79.4
TX,Hudspeth County,78.2
TX,Frio County,77.8
NM,San Miguel County,77.2
TX,Reeves County,74.4
TX,Kenedy County,74
TX,Culberson County,73.5
TX,Kleberg County,71.7
NM,Rio Arriba County,71.6
TX,Deaf Smith County,70.6
TX,Uvalde County,70.2
TX,Pecos County,67.6
NM,Do√±a Ana County,66.8
FL,Miami-Dade County,66.2
TX,Reagan County,65.9
NM,Luna County,64.9
CO,Costilla County,64.3
TX,Crockett County,64
TX,Yoakum County,63.1
CA,Tulare County,62.9
TX,Castro County,62.7
TX,Atascosa County,62.6
TX,Nueces County,62.4
TX,Parmer County,62.1
WA,Adams County,62
TX,Crane County,61.9
AZ,Yuma County,61.7
TX,Bailey County,61.1
TX,Sutton County,60.8
NM,Valencia County,59.5
TX,Bexar County,59.3
KS,Seward County,59.1
CA,San Benito County,58.3
TX,Hale County,58.2
TX,Winkler County,58.2
CA,Colusa County,58.1
TX,Bee County,57.8
CA,Merced County,57.5
TX,Ector County,57.5
CA,Monterey County,57.4
NM,Hidalgo County,57.2
TX,Cochran County,57
TX,Kinney County,56.5
TX,Concho County,56.3
TX,Floyd County,56.2
NM,Taos County,56.1
CA,Madera County,56.1
TX,San Patricio County,56
NM,Lea County,55.7
TX,Dawson County,55.5
NM,Chaves County,54.9
NY,Bronx County,54.8
TX,Andrews County,54.6
TX,Edwards County,54.4
CO,Conejos County,54.1
TX,Lamb County,54
TX,Crosby County,54
CA,Kings County,53.2
TX,Terry County,53.2
KS,Ford County,52.9
TX,Upton County,52.8
TX,Moore County,52.8
TX,Karnes County,52.5
TX,Schleicher County,52.2
WA,Franklin County,51.9
CA,Fresno County,51.9
CA,San Bernardino County,51.7
CA,Kern County,51.5
TX,Ochiltree County,51.5
TX,Ward County,51.5
NM,Santa Fe County,51.3
FL,Hendry County,50.9
TX,Medina County,50.9
TX,Garza County,50
TX,Refugio County,49.8
TX,Caldwell County,49.8
FL,Osceola County,49.7
NM,Grant County,49.6
TX,Gonzales County,49.4
NM,Socorro County,49.3
NM,Colfax County,49
NM,Bernalillo County,49
TX,Terrell County,48.9
CA,Los Angeles County,48.4
KS,Finney County,48.2
TX,Calhoun County,47.9
TX,Lynn County,47.7
WA,Yakima County,47.7
CA,Riverside County,47.4
TX,Hockley County,46.7
AZ,Greenlee County,46.6
NM,Eddy County,46.4
KS,Grant County,46.4
OK,Texas County,45.9
TX,Martin County,45.6
CO,Alamosa County,45.5
TX,Hansford County,45.4
TX,Victoria County,45.3
NM,Quay County,44.7
CA,Santa Barbara County,44.4
CO,Rio Grande County,44.2
CA,Stanislaus County,44.1
NE,Colfax County,43.1
TX,Brewster County,43.1
NJ,Hudson County,43.1
FL,Hardee County,43.1
NM,Harding County,43
TX,Dallam County,42.9
ID,Clark County,42.6
CO,Las Animas County,42.5
CO,Pueblo County,42.5
TX,Midland County,42.4
TX,Sherman County,42.2
TX,Swisher County,42.1
CA,Ventura County,42
TX,Harris County,41.8
TX,Titus County,41.5
NM,Torrance County,41.3
NM,Union County,41
CO,Otero County,41
NM,De Baca County,40.8
CA,San Joaquin County,40.5
TX,Matagorda County,40.4
CA,Glenn County,40.4
TX,Howard County,40.3
NM,Roosevelt County,40
WA,Grant County,39.9
TX,Wharton County,39.7
NM,Curry County,39.7
NJ,Passaic County,39.6
TX,Gaines County,39.5
TX,Scurry County,39.3
TX,Dallas County,39.3
TX,Mitchell County,39.2
CO,Adams County,38.8
TX,Wilson County,38.6
CO,Saguache County,38.3
TX,Tom Green County,38.1
TX,Sterling County,38
TX,McMullen County,37.8
NM,Cibola County,37.8
CO,Lake County,37.8
TX,Live Oak County,37.5
TX,Potter County,37.4
NE,Dakota County,37.4
NM,Sandoval County,37.4
TX,Guadalupe County,37
TX,Hays County,37
NM,Otero County,36.5
CO,Prowers County,36.4
KS,Stanton County,36.2
AZ,Pima County,36.1
TX,Nolan County,36
TX,Goliad County,35.7
VA,Manassas Park,35.5
TX,Menard County,35.4
CO,Morgan County,35.3
OR,Morrow County,35.1
TX,Bastrop County,35
KS,Stevens County,34.9
AZ,Cochise County,34.6
TX,Hall County,34.4
CO,Huerfano County,34.4
CA,Orange County,34.3
TX,Glasscock County,34.1
ID,Jerome County,34
TX,Lubbock County,34
TX,DeWitt County,33.9
TX,Runnels County,33.9
TX,Travis County,33.9
KS,Hamilton County,33.7
TX,Jeff Davis County,33.7
ID,Minidoka County,33.7
CA,Napa County,33.7
VA,Manassas,33.7
TX,Knox County,33.6
GA,Whitfield County,33.3
CA,Santa Cruz County,33.2
NE,Dawson County,33.2
CA,San Diego County,33.2
OR,Malheur County,33.1
AR,Sevier County,32.7
TX,Collingsworth County,32.4
TX,Hemphill County,32.3
AZ,Graham County,32.1
CO,Bent County,31.8
TX,Lipscomb County,31.6
NM,Lincoln County,31.5
CA,Yolo County,31.5
TX,Jackson County,31.4
IL,Kane County,31.3
ID,Power County,31.1
TX,McCulloch County,31.1
OR,Hood River County,30.9
CO,Denver County,30.8
FL,DeSoto County,30.5
WA,Douglas County,30.4
AZ,Maricopa County,30.3
CO,Crowley County,30.3
NV,Clark County,30.3
ID,Lincoln County,30.2
CO,Eagle County,30
NJ,Union County,30
CA,Sutter County,29.9
TX,Waller County,29.8
KS,Kearny County,29.7
TX,Childress County,29.5
TX,Dickens County,29.5
NM,Sierra County,29.4
NJ,Cumberland County,29.3
TX,Brazoria County,29.2
AZ,Pinal County,29.2
FL,Orange County,29.2
TX,San Saba County,29.1
CO,Weld County,28.8
KS,Haskell County,28.8
TX,Wilbarger County,28.7
ID,Gooding County,28.6
KS,Wichita County,28.4
TX,Colorado County,28.3
GA,Echols County,28.1
CO,Garfield County,28.1
NY,Queens County,28
TX,Fisher County,27.9
CA,Mono County,27.9
TX,Tarrant County,27.8
TX,Briscoe County,27.7
FL,Broward County,27.5
GA,Hall County,27.5
TX,Irion County,27.5
OK,Harmon County,27.4
WA,Chelan County,27.4
IA,Crawford County,27.3
KS,Wyandotte County,27.3
TX,Wheeler County,27.3
TX,Comanche County,27.3
CA,Yuba County,27.2
TX,Gray County,27.1
TX,Jones County,27.1
FL,Collier County,26.7
TX,Aransas County,26.7
TX,Real County,26.7
CA,Santa Clara County,26.6
ID,Cassia County,26.6
TX,Comal County,26.6
ID,Owyhee County,26.5
FL,Hillsborough County,26.5
MN,Nobles County,26.3
TX,Hartley County,26.3
NV,Humboldt County,26.1
CA,Sonoma County,26.1
NY,New York County,25.9
NE,Hall County,25.9
TX,Austin County,25.9
OR,Umatilla County,25.7
AZ,La Paz County,25.7
OR,Marion County,25.7
CA,Solano County,25.6
TX,Navarro County,25.6
TX,Kerr County,25.6
TX,Haskell County,25.5
TX,Kimble County,25.5
TX,Milam County,25.5
OK,Tillman County,25.4
CA,San Mateo County,25.3
FL,Okeechobee County,25.3
CA,Contra Costa County,25.2
TX,McLennan County,25.2
TX,Ellis County,25.1
IL,Cook County,25
IA,Buena Vista County,24.8
TX,Brazos County,24.8
ID,Canyon County,24.6
GA,Stewart County,24.5
TX,Cottle County,24.3
NV,Elko County,24.2
CA,Tehama County,24.1
CA,Mendocino County,24.1
TX,Fort Bend County,24
GA,Atkinson County,23.9
TX,Williamson County,23.9
NV,Lander County,23.9
TX,Mason County,23.8
NY,Westchester County,23.7
TX,Galveston County,23.7
TX,Taylor County,23.6
NV,Washoe County,23.5
TX,Bell County,23.5
TX,Camp County,23.4
NV,Pershing County,23.3
MA,Hampden County,23.2
NE,Saline County,23
TX,Lee County,22.9
TX,Stephens County,22.9
MN,Watonwan County,22.9
TX,Grimes County,22.8
OK,Beaver County,22.8
TX,Hardeman County,22.8
NV,Carson City,22.8
NE,Scotts Bluff County,22.7
CA,Alameda County,22.7
OK,Jackson County,22.6
CA,Sacramento County,22.5
TX,Falls County,22.5
TX,Montgomery County,22.5
FL,Monroe County,22.4
TX,Kendall County,22.4
TX,Hutchinson County,22.3
TX,Madison County,22.2
NJ,Essex County,22.1
CA,San Luis Obispo County,22
VA,Prince William County,22
TX,Cherokee County,22
CO,Yuma County,21.9
TX,Burnet County,21.9
MA,Suffolk County,21.8
FL,Glades County,21.7
TX,Gillespie County,21.6
NC,Duplin County,21.6
PA,Lehigh County,21.5
OK,Cimarron County,21.3
TX,Chambers County,21.3
WA,Walla Walla County,21.2
TX,Angelina County,21.2
KS,Morton County,21.1
TX,Coke County,21.1
IL,Lake County,21
TX,Loving County,20.9
TX,Brown County,20.9
RI,Providence County,20.9
CA,Inyo County,20.9
TX,Limestone County,20.8
KS,Lyon County,20.7
ID,Blaine County,20.7
TX,Liberty County,20.7
FL,Palm Beach County,20.7
CO,Phillips County,20.6
IL,Boone County,20.6
GA,Gwinnett County,20.5
WA,Benton County,20.4
OK,Harper County,20.2
CO,Montrose County,20.2
TX,Erath County,20.1
TX,Hill County,20.1
TX,Burleson County,20.1
TX,Johnson County,20
IA,Marshall County,19.9
TX,Fayette County,19.9
NJ,Middlesex County,19.9
NM,Catron County,19.8
TX,Palo Pinto County,19.8
KS,Edwards County,19.7
TX,Robertson County,19.7
FL,Polk County,19.6
FL,Lee County,19.6
OR,Jefferson County,19.6
NY,Kings County,19.5
TX,Randall County,19.5
NM,San Juan County,19.5
NC,Lee County,19.5
TX,Somervell County,19.4
TX,Kaufman County,19.4
NY,Orange County,19.4
CO,Kit Carson County,19.3
NV,Esmeralda County,19.2
FL,Seminole County,19.2
CA,Lake County,19.1
TX,Denton County,19
WA,Okanogan County,19
CA,Del Norte County,19
AR,Yell County,18.9
TX,Lampasas County,18.9
TX,Jefferson County,18.9
IL,Cass County,18.9
AZ,Gila County,18.8
CO,Arapahoe County,18.8
TX,Blanco County,18.8
MD,Montgomery County,18.7
CT,Fairfield County,18.7
TX,Smith County,18.7
TX,Foard County,18.7
PA,Berks County,18.7
CO,Archuleta County,18.6
VA,Harrisonburg,18.6
MA,Essex County,18.6
CA,Lassen County,18.5
NJ,Bergen County,18.5
TX,Nacogdoches County,18.5
NJ,Atlantic County,18.5
FL,Highlands County,18.4
NC,Sampson County,18.4
TX,Wise County,18.4
GA,Colquitt County,18.3
TX,Wichita County,18.3
NY,Suffolk County,18.2
TX,Kent County,18.1
IN,Lake County,18.1
NY,Richmond County,18.1
TX,Shelby County,18
TX,Gregg County,18
TX,Coryell County,17.9
TX,Young County,17.9
TX,Bandera County,17.9
TX,Walker County,17.8
ID,Bingham County,17.8
WA,Skagit County,17.8
UT,Salt Lake County,17.8
ID,Teton County,17.7
TX,Coleman County,17.7
TX,Lavaca County,17.7
UT,Weber County,17.7
MO,Sullivan County,17.6
FL,Saint Lucie County,17.6
KS,Greeley County,17.6
KS,Scott County,17.5
TX,Mills County,17.3
WY,Carbon County,17.3
IA,Muscatine County,17.2
TX,King County,17.2
ID,Washington County,17.2
TX,Bosque County,17.1
NY,Rockland County,17.1
CT,Hartford County,17
TX,Cooke County,17
OR,Wasco County,17
TX,Rockwall County,17
TX,Anderson County,17
KS,Meade County,16.9
TX,Borden County,16.9
MD,Prince George's County,16.9
IL,Kendall County,16.9
CT,New Haven County,16.8
NM,Los Alamos County,16.7
ID,Payette County,16.7
IL,Will County,16.6
NE,Platte County,16.6
NJ,Mercer County,16.6
VA,Alexandria,16.6
OK,Custer County,16.5
TX,Motley County,16.5
VA,Fairfax County,16.4042
VA,Winchester,16.4
OR,Washington County,16.3
TX,Jack County,16.3
CO,El Paso County,16.3
AR,Washington County,16.2
TX,Hopkins County,16.2
ID,Elmore County,16.2
OK,Oklahoma County,16.2
AR,Benton County,16.2
OK,Marshall County,16.2
IA,Louisa County,16.2
TX,Rusk County,16.1
NY,Nassau County,16.1
AL,Franklin County,16.1
CO,Logan County,16.1
CA,Marin County,16
TX,Eastland County,16
NV,Lyon County,15.8
WY,Sweetwater County,15.8
AZ,Mohave County,15.8
FL,Manatee County,15.7
OR,Yamhill County,15.7
VA,Arlington County,15.7
TX,Stonewall County,15.6
NJ,Camden County,15.6
CA,Butte County,15.5
CA,San Francisco County,15.3
ID,Twin Falls County,15.2
GA,Gordon County,15.2
WY,Teton County,15.2
CO,Jefferson County,15.2
NC,Montgomery County,15.2
IA,Woodbury County,15.2
CO,Sedgwick County,15.1
IN,Elkhart County,15.1
TX,Washington County,15.1
TX,Collin County,15.1
GA,Chattahoochee County,15
NE,Morrill County,15
KS,Geary County,15
NV,White Pine County,14.9
TX,Hunt County,14.9
OK,Kingfisher County,14.9
NY,Sullivan County,14.9
IN,Clinton County,14.9
SC,Saluda County,14.9
CA,Modoc County,14.8
TX,Freestone County,14.8
VA,Galax,14.7
GA,Telfair County,14.7
CO,Summit County,14.7
NC,Greene County,14.7
CO,Delta County,14.7
PA,Monroe County,14.6
OK,Love County,14.6
AR,Carroll County,14.6
TX,Oldham County,14.6
NV,Nye County,14.4
TX,Polk County,14.4
MI,Oceana County,14.4
CO,Moffat County,14.3
AR,Bradley County,14.3
WY,Laramie County,14.3
KS,Barton County,14.3
NE,Madison County,14.2
WI,Milwaukee County,14.2
NJ,Somerset County,14.2
AZ,Yavapai County,14.2
AL,DeKalb County,14.2
CO,San Juan County,14.2
TX,Leon County,14.2
KS,Gray County,14.2
OK,Beckham County,14.1
AK,Aleutians West Census Area,14.1
CO,Mesa County,14.1
IL,DuPage County,14.1
NM,McKinley County,14
GA,Murray County,14
AZ,Coconino County,13.9
KS,Sedgwick County,13.9
SC,Jasper County,13.9
WY,Washakie County,13.9
NV,Eureka County,13.8
LA,Jefferson Parish,13.8
IN,Cass County,13.8
FL,Lake County,13.8
CO,Boulder County,13.8
TX,Franklin County,13.7
GA,Habersham County,13.6
PA,Philadelphia County,13.6
CA,Placer County,13.5
AR,Johnson County,13.5
NC,Durham County,13.4
FL,Pasco County,13.4
AR,Sebastian County,13.4
NC,Johnston County,13.4
CO,Lincoln County,13.4
VA,Loudoun County,13.4
NV,Churchill County,13.3
AK,Aleutians East Borough,13.2
GA,Clayton County,13.1
KS,Stafford County,13.1
UT,Carbon County,13.1
NY,Putnam County,13
CA,Amador County,13
OR,Polk County,13
GA,Polk County,13
CO,Fremont County,13
UT,Wasatch County,12.9
FL,Martin County,12.9
AL,Marshall County,12.9
NC,Chatham County,12.8
NJ,Morris County,12.8
UT,Millard County,12.8
MA,Nantucket County,12.8
NC,Mecklenburg County,12.7
CO,Cheyenne County,12.7
CA,El Dorado County,12.7
GA,Cobb County,12.7
TX,San Jacinto County,12.7
NE,Chase County,12.6
AR,Hempstead County,12.6
TX,Grayson County,12.6
NC,Forsyth County,12.6
OK,Comanche County,12.6
NY,Montgomery County,12.6
WI,Kenosha County,12.6
CO,La Plata County,12.6
NC,Hoke County,12.5
FL,Lafayette County,12.5
WI,Racine County,12.5
ID,Bonneville County,12.5
ID,Fremont County,12.4
TX,Baylor County,12.4
IL,Rock Island County,12.4
IL,McHenry County,12.4
HI,Hawaii County,12.3
TX,Harrison County,12.3
WA,Klickitat County,12.3
FL,Volusia County,12.2
KS,Sherman County,12.2
CO,Montezuma County,12.2
NV,Douglas County,12.2
IA,Clarke County,12.1
NC,Onslow County,12.1
NC,Alamance County,12.1
OK,Woodward County,12.1
GA,Liberty County,12.1
NE,Douglas County,12
IL,Winnebago County,12
GA,Evans County,12
CO,Broomfield County,12
OR,Jackson County,12
NE,Dixon County,12
PA,Northampton County,12
TX,Henderson County,12
FL,Indian River County,11.9
TX,Throckmorton County,11.9
NE,Box Butte County,11.9
CA,Siskiyou County,11.9
NC,Harnett County,11.9
OR,Klamath County,11.9
FL,Marion County,11.9
UT,Tooele County,11.8
IA,Franklin County,11.8
IL,Whiteside County,11.8
GA,Long County,11.8
OK,Tulsa County,11.8
TN,Bedford County,11.7
NY,Dutchess County,11.6
MO,McDonald County,11.6
FL,Hernando County,11.6
KS,Shawnee County,11.6
UT,Summit County,11.6
KS,Harvey County,11.5
CA,Tuolumne County,11.5
TX,Shackelford County,11.5
CA,Calaveras County,11.5
TX,Hood County,11.5
PA,Lebanon County,11.4
TX,Parker County,11.4
SC,Beaufort County,11.4
MN,Kandiyohi County,11.4
OK,Garfield County,11.4
GA,Jeff Davis County,11.3
TX,Hamilton County,11.3
OK,Greer County,11.3
NE,Dodge County,11.3
VA,Stafford County,11.3
OK,Caddo County,11.3
GA,Tift County,11.3
GA,Toombs County,11.2
GA,Candler County,11.2
UT,Utah County,11.2
MN,Mower County,11.2
OR,Multnomah County,11.2
CO,Larimer County,11.1
NC,Wayne County,11.1
ND,Walsh County,11.1
KS,Rice County,11.1
MI,Van Buren County,11.1
CO,Rio Blanco County,11.1
NC,Randolph County,11.1
WI,Walworth County,11.1
AZ,Navajo County,11.1
NC,Cumberland County,11
HI,Maui County,11
AR,Howard County,11
CO,Jackson County,11
NC,Union County,11
UT,Beaver County,10.9
GA,Coffee County,10.9
KS,Saline County,10.9
TX,Donley County,10.9
TX,Roberts County,10.9
TN,Hamblen County,10.9
IL,DeKalb County,10.9
CT,Windham County,10.9
VA,Fredericksburg,10.9
TX,Houston County,10.9
GA,Gilmer County,10.9
GA,Grady County,10.9
HI,Kauai County,10.8
NV,Mineral County,10.8
CA,Humboldt County,10.8
GA,Clarke County,10.8
NC,Yadkin County,10.7
MO,Pulaski County,10.7
OK,Kiowa County,10.7
MS,Scott County,10.7
TX,Fannin County,10.5
CO,Baca County,10.5
NJ,Monmouth County,10.5
UT,Cache County,10.5
MA,Worcester County,10.5
FL,Gadsden County,10.5
GA,Tattnall County,10.5
NE,Johnson County,10.5
TX,Montague County,10.5
IA,Emmet County,10.4
DC,District of Columbia,10.4
WY,Goshen County,10.4
OR,Tillamook County,10.3
GA,Floyd County,10.3
CA,Mariposa County,10.3
ID,Jefferson County,10.3
PA,Pike County,10.2
WA,Pierce County,10.2
IA,Wright County,10.2
KS,Cowley County,10.2
CO,Chaffee County,10.2
TX,Van Zandt County,10.2
NC,Surry County,10.1
NC,Wilson County,10.1
MI,Kent County,10.1
IN,Noble County,10.1
GA,Cherokee County,10.1
TX,Carson County,10
UT,Grand County,10
NC,Cabarrus County,10
UT,Washington County,10
NC,Wake County,10
IA,Wapello County,10
GA,Rockdale County,10
CT,New London County,9.9
CO,Pitkin County,9.9
TN,Davidson County,9.9
IL,Kankakee County,9.9
NC,Henderson County,9.9
KS,Ness County,9.8
WA,Grays Harbor County,9.8
TX,Llano County,9.8
IN,Marion County,9.8
FL,Flagler County,9.8
MO,Saline County,9.8
NY,Ulster County,9.8
KS,Clark County,9.8
IA,Sioux County,9.8
PA,Lancaster County,9.8
WA,Lewis County,9.7
SD,Beadle County,9.7
TN,Crockett County,9.7
UT,Sanpete County,9.7
WA,Snohomish County,9.7
GA,Forsyth County,9.7
CA,Sierra County,9.7
FL,Putnam County,9.6
OK,Jefferson County,9.6
LA,Vernon Parish,9.6
LA,St. Bernard Parish,9.6
CO,San Miguel County,9.6
GA,Barrow County,9.6
TN,Montgomery County,9.6
IL,Ogle County,9.6
NE,Cuming County,9.6
CA,Alpine County,9.6
TX,Wood County,9.6
OK,Washita County,9.6
OH,Defiance County,9.6
NC,Alleghany County,9.5
MN,Freeborn County,9.5
OH,Sandusky County,9.5
IN,Porter County,9.5
HI,Honolulu County,9.5
FL,Hamilton County,9.5
CO,Washington County,9.5
VA,Falls Church,9.5
IN,Marshall County,9.4
IL,Warren County,9.4
CA,Shasta County,9.4
TX,Callahan County,9.4
DE,New Castle County,9.4
WY,Albany County,9.4
WA,King County,9.4
MI,Ottawa County,9.4
FL,Brevard County,9.3
CO,Gunnison County,9.3
IL,Grundy County,9.3
GA,Appling County,9.3
DE,Sussex County,9.3
FL,Clay County,9.2
VA,Culpeper County,9.2
TX,Trinity County,9.2
OH,Lorain County,9.2
WY,Uinta County,9.2
CA,Nevada County,9.2
UT,Davis County,9.1
UT,Box Elder County,9.1
FL,Suwannee County,9.1
PA,Luzerne County,9.1
OK,Blaine County,9.1
WY,Big Horn County,9.1
TX,Panola County,9.1
FL,Alachua County,9.1
TX,Morris County,9.1
OK,Major County,9.1
KS,Reno County,9
WA,Pacific County,9
AK,Anchorage Municipality,8.9
NJ,Ocean County,8.9
IL,LaSalle County,8.9
WA,Mason County,8.9
NC,Catawba County,8.9
VA,Accomack County,8.9
NE,Clay County,8.9
GA,Douglas County,8.9
WA,Whatcom County,8.9
GA,DeKalb County,8.9
NE,Adams County,8.8
MO,Barry County,8.8
WA,Kittitas County,8.8
MO,Jackson County,8.8
SC,Greenville County,8.8
FL,Pinellas County,8.8
VA,Spotsylvania County,8.7
WA,Clark County,8.7
FL,Sarasota County,8.7
AK,Kodiak Island Borough,8.7
KY,Shelby County,8.7
AL,Blount County,8.7
IL,Bureau County,8.6
FL,Duval County,8.6
NE,Buffalo County,8.6
VA,Newport News,8.5
MN,Sibley County,8.5
VA,Northampton County,8.5
OR,Lincoln County,8.5
FL,Okaloosa County,8.5
TX,Armstrong County,8.4
WA,Thurston County,8.4
NE,Kimball County,8.4
NJ,Warren County,8.4
NC,Orange County,8.4
WA,Cowlitz County,8.4
IA,Tama County,8.4
AR,Pope County,8.4
OR,Clackamas County,8.4
MD,Frederick County,8.4
CA,Plumas County,8.4
GA,Rabun County,8.4
OR,Linn County,8.4
OR,Lane County,8.3
PA,Dauphin County,8.3
NE,Lincoln County,8.3
UT,Iron County,8.3
TN,Warren County,8.3
MO,Pettis County,8.3
CO,Douglas County,8.3
NE,Sarpy County,8.3
TX,Rains County,8.2
OH,Fulton County,8.2
ID,Gem County,8.2
IN,Saint Joseph County,8.2
TX,Archer County,8.2
WY,Campbell County,8.2
WI,Rock County,8.2
NC,Rowan County,8.2
FL,Levy County,8.1
OR,Clatsop County,8.1
WY,Sublette County,8.1
WY,Platte County,8.1
MI,Saginaw County,8.1
NC,Robeson County,8.1
WY,Natrona County,8.1
NY,Monroe County,8.1
UT,Duchesne County,8.1
KS,Riley County,8.1
WI,Brown County,8
GA,Bacon County,8
NC,Hyde County,8
IA,Polk County,8
IN,Kosciusko County,8
GA,Bartow County,8
IN,Tippecanoe County,8
NC,Franklin County,8
MS,Adams County,8
VA,Chesterfield County,8
CO,Grand County,8
ID,Bannock County,8
UT,Uintah County,8
OK,Canadian County,8
NJ,Salem County,8
TN,Loudon County,7.9
OK,Cleveland County,7.9
AL,Morgan County,7.9
TX,Upshur County,7.9
MN,Rice County,7.8
NV,Storey County,7.8
OR,Deschutes County,7.8
MN,Renville County,7.8
OR,Lake County,7.8
KS,Pawnee County,7.8
NC,Bladen County,7.7
MI,Lenawee County,7.7
TX,Tyler County,7.7
NV,Lincoln County,7.7
AL,Chilton County,7.7
VA,Virginia Beach,7.7
IN,White County,7.7
WY,Converse County,7.7
AK,Fairbanks North Star Borough,7.7
UT,Piute County,7.7
ID,Ada County,7.7
AR,Scott County,7.6
MI,Ingham County,7.6
NC,Guilford County,7.6
OK,Garvin County,7.6
GA,Marion County,7.6
VA,Prince George County,7.6
GA,Fulton County,7.6
NC,Granville County,7.6
KY,Christian County,7.6
NC,Lenoir County,7.5
MN,Steele County,7.5
NC,Beaufort County,7.5
TX,Lamar County,7.5
TN,DeKalb County,7.5
AL,Bullock County,7.5
OK,McClain County,7.5
IA,Taylor County,7.5
ID,Camas County,7.5
OK,Ellis County,7.5
GA,Muscogee County,7.5
NJ,Burlington County,7.5
SC,Newberry County,7.5
MA,Middlesex County,7.5
MO,Jasper County,7.5
VA,Norfolk,7.5
OR,Crook County,7.4
TX,San Augustine County,7.4
MN,Cottonwood County,7.4
KS,Johnson County,7.4
VA,Frederick County,7.4
SD,Marshall County,7.3
NY,Jefferson County,7.3
TX,Bowie County,7.3
GA,Dooly County,7.3
NJ,Cape May County,7.3
CA,Trinity County,7.3
NJ,Sussex County,7.3
NC,Iredell County,7.3
GA,Peach County,7.3
MN,Ramsey County,7.3
OH,Henry County,7.3
IL,Douglas County,7.3
MD,Anne Arundel County,7.2
IA,Pottawattamie County,7.2
VA,Fauquier County,7.2
TX,Delta County,7.2
WA,Kitsap County,7.2
OK,Kay County,7.2
TX,Red River County,7.2
TN,Rutherford County,7.2
NC,Vance County,7.2
OK,Cotton County,7.2
VA,Hopewell,7.2
NC,Lincoln County,7.2
IN,Allen County,7.2
MI,Saint Joseph County,7.2
OK,Stephens County,7.1
MI,Allegan County,7.1
WA,Island County,7.1
MO,Lawrence County,7.1
PA,Chester County,7.1
VA,Williamsburg,7.1
KS,Harper County,7.1
NC,Craven County,7.1
GA,Fayette County,7.1
KS,Cheyenne County,7.1
ID,Madison County,7
OR,Benton County,7
NY,Chautauqua County,7
CO,Routt County,7
KY,Carroll County,7
OR,Josephine County,7
VA,Waynesboro,7
TX,Orange County,6.9
KY,Fayette County,6.9
MA,Bristol County,6.9
KY,Bourbon County,6.9
DE,Kent County,6.9
OK,Roger Mills County,6.9
WI,Jefferson County,6.9
ID,Franklin County,6.9
KS,Leavenworth County,6.9
NE,Otoe County,6.8
VA,Shenandoah County,6.8
NC,Davidson County,6.8
NC,Dare County,6.8
OR,Sherman County,6.8
WI,Trempealeau County,6.8
KS,Pratt County,6.8
IA,Osceola County,6.8
ND,McKenzie County,6.8
MN,Hennepin County,6.8
WY,Fremont County,6.7
NC,Tyrrell County,6.7
GA,Coweta County,6.7
AR,Crawford County,6.7
KS,Wallace County,6.7
GA,Jackson County,6.7
OH,Lucas County,6.7
OK,Carter County,6.7
IN,Dubois County,6.7
FL,Charlotte County,6.7
GA,Houston County,6.6
OK,Cherokee County,6.6
AR,Pike County,6.6
NE,Cheyenne County,6.6
PA,Adams County,6.6
GA,Putnam County,6.6
KY,Woodford County,6.6
OK,Le Flore County,6.6
TX,Jasper County,6.6
MN,Dakota County,6.6
NC,Nash County,6.6
FL,Liberty County,6.6
NC,Macon County,6.6
MO,Clay County,6.6
NE,Keith County,6.6
NE,Lancaster County,6.6
NY,Schenectady County,6.6
VA,Richmond County,6.59607
KS,Hodgeman County,6.5
OR,Curry County,6.5
OR,Gilliam County,6.5
GA,Glynn County,6.5
AK,Juneau City and Borough,6.5
GA,Carroll County,6.5
NC,Buncombe County,6.5
NE,Dundy County,6.5
KS,Kiowa County,6.5
PA,York County,6.5
GA,Banks County,6.5
IL,Iroquois County,6.5
SC,Spartanburg County,6.4
NC,Richmond County,6.4
GA,Henry County,6.4
KS,Lane County,6.4
MN,Lyon County,6.4
NC,Pender County,6.4
MD,Caroline County,6.4
NC,Gaston County,6.4
WI,Waushara County,6.4
CO,Gilpin County,6.4
AZ,Apache County,6.4
OK,Woods County,6.4
LA,Bossier Parish,6.4
CO,Elbert County,6.4
IN,Jackson County,6.4
AR,Polk County,6.4
AL,Coffee County,6.4
LA,Plaquemines Parish,6.4
LA,St. Mary Parish,6.4
NC,Davie County,6.4
IN,Bartholomew County,6.4
MD,Howard County,6.4
UT,Emery County,6.3
GA,Greene County,6.3
GA,Wayne County,6.3
MO,Dunklin County,6.3
CO,Kiowa County,6.3
IA,Dallas County,6.3
GA,Bryan County,6.3
MD,Talbot County,6.3
WA,Columbia County,6.3
NC,Moore County,6.3
MS,Pontotoc County,6.3
GA,Ben Hill County,6.3
IA,Scott County,6.3
KS,Montgomery County,6.3
WV,Gilmer County,6.2
GA,Camden County,6.2
IL,Brown County,6.2
MS,Tallahatchie County,6.2
TN,Robertson County,6.2
CO,Park County,6.2
PA,Lackawanna County,6.2
ND,Mountrail County,6.2
MN,Faribault County,6.2
WI,Dane County,6.2
GA,Columbia County,6.2
CO,Teller County,6.2
NJ,Hunterdon County,6.2
FL,Leon County,6.1
IN,LaPorte County,6.1
OK,Dewey County,6.1
OK,Adair County,6.1
GA,Cook County,6.1
OH,Huron County,6.1
FL,Saint Johns County,6.1
FL,Walton County,6.1
SC,Horry County,6.1
VA,Westmoreland County,6.1
AL,Dale County,6.1
SC,Berkeley County,6.1
AR,Pulaski County,6
GA,Montgomery County,6
WI,Sheboygan County,6
AL,Shelby County,6
MO,Buchanan County,6
VA,Rockingham County,6
TN,Shelby County,6
KY,Graves County,6
AK,Sitka City and Borough,6
NH,Hillsborough County,6
WA,Skamania County,6
OR,Coos County,6
GA,Chatham County,6
MI,Newaygo County,5.9
LA,St. Charles Parish,5.9
WA,San Juan County,5.9
IN,Jasper County,5.9
OH,Putnam County,5.9
MN,Polk County,5.9
AR,Independence County,5.9
PA,Forest County,5.9
KS,Ellsworth County,5.9
NC,Rockingham County,5.9
IN,Newton County,5.9
NC,Pitt County,5.9
FL,Calhoun County,5.8
ID,Butte County,5.8
IL,Lee County,5.8
TN,Putnam County,5.8
WY,Park County,5.8
AL,Limestone County,5.8
VA,York County,5.8
NC,Wilkes County,5.8
SC,Lexington County,5.8
SC,Greenwood County,5.8
CT,Middlesex County,5.8
NC,Burke County,5.8
KS,Douglas County,5.8
WA,Clallam County,5.8
NJ,Gloucester County,5.7
KY,Hardin County,5.7
MI,Gratiot County,5.7
PA,Union County,5.7
IL,Champaign County,5.7
MN,Chippewa County,5.7
MN,Le Sueur County,5.7
MI,Wayne County,5.7
FL,Bay County,5.7
MO,Platte County,5.7
SC,Edgefield County,5.7
MN,Waseca County,5.7
OK,Washington County,5.7
NY,Albany County,5.7
OK,Muskogee County,5.7
KS,Ellis County,5.7
IA,Allamakee County,5.7
VA,Albemarle County,5.7
GA,Paulding County,5.7
OK,Murray County,5.6
WA,Whitman County,5.6
OK,Wagoner County,5.6
UT,Garfield County,5.6
FL,Sumter County,5.6
FL,Columbia County,5.6
OK,Logan County,5.6
MS,Yazoo County,5.6
GA,Brooks County,5.6
MT,Big Horn County,5.6
TN,Sevier County,5.6
IL,Knox County,5.6
GA,Decatur County,5.6
IA,Washington County,5.6
AR,Chicot County,5.6
NE,Wayne County,5.6
NC,Polk County,5.6
TX,Hardin County,5.6
MS,Calhoun County,5.6
AK,Petersburg Borough,5.6
VA,Emporia,5.5
GA,Lowndes County,5.5
WV,Jefferson County,5.5
OK,Bryan County,5.5
OK,McCurtain County,5.5
IA,Johnson County,5.5
TN,Bradley County,5.5
FL,Escambia County,5.5
MO,Taney County,5.5
CT,Litchfield County,5.5
NY,Greene County,5.5
MN,Todd County,5.5
VA,James City County,5.5
LA,Orleans Parish,5.5
MS,Jackson County,5.5
GA,Lanier County,5.5
NE,Deuel County,5.5
CO,Clear Creek County,5.5
CO,Ouray County,5.5
NC,McDowell County,5.5
GA,Elbert County,5.5
OH,Cuyahoga County,5.4
IN,Benton County,5.4
AR,Madison County,5.4
GA,Wheeler County,5.4
IL,Henry County,5.4
MS,Harrison County,5.4
LA,St. John the Baptist Parish,5.4
NE,Kearney County,5.4
VA,Henry County,5.4
LA,St. Tammany Parish,5.4
KS,Thomas County,5.4
MN,McLeod County,5.4
IA,Hamilton County,5.4
SC,Aiken County,5.4
TX,Clay County,5.4
OH,Mahoning County,5.4
VA,Henrico County,5.4
NC,New Hanover County,5.4
MD,Charles County,5.3
RI,Newport County,5.3
NC,Ashe County,5.3
OH,Wood County,5.3
CO,Custer County,5.3
AR,Garland County,5.3
OK,Ottawa County,5.3
MA,Hampshire County,5.3
VA,Hampton,5.3
GA,Sumter County,5.3
NY,Oneida County,5.3
FL,Union County,5.3
NE,Phelps County,5.3
VA,Chesapeake,5.3
MI,Muskegon County,5.3
WI,Menominee County,5.3
MI,Eaton County,5.3
TN,Maury County,5.3
KS,Norton County,5.3
ID,Caribou County,5.3
OK,Grady County,5.3
VA,Colonial Heights,5.3
ND,Williams County,5.2
WA,Spokane County,5.2
FL,Santa Rosa County,5.2
KS,Neosho County,5.2
IN,Clark County,5.2
MT,Yellowstone County,5.2
OR,Wheeler County,5.2
KS,Pottawatomie County,5.2
LA,Ascension Parish,5.2
AR,Ashley County,5.2
FL,Gilchrist County,5.2
OR,Douglas County,5.2
KS,Sumner County,5.2
MD,Wicomico County,5.2
FL,Citrus County,5.2
NC,Jackson County,5.1
KY,Gallatin County,5.1
GA,Jenkins County,5.1
GA,Pierce County,5.1
IL,Union County,5.1
CO,Dolores County,5.1
AK,Hoonah-Angoon Census Area,5.1
KS,Crawford County,5.1
UT,San Juan County,5.1
KY,Warren County,5.1
NY,Erie County,5.1
FL,Franklin County,5.1
SC,Charleston County,5.1
NE,Red Willow County,5.1
MI,Berrien County,5.1
SC,Richland County,5.1
OH,Franklin County,5.1
TN,Hamilton County,5.1
IN,Fulton County,5.1
NE,Arthur County,5.1
ND,Ward County,5.1
MI,Bay County,5
TN,Macon County,5
FL,Madison County,5
OH,Hancock County,5
PA,Franklin County,5
MN,Pipestone County,5
VA,Greene County,5
AL,Russell County,5
SC,Lancaster County,5
TN,Marshall County,5
OK,Alfalfa County,5
FL,Gulf County,5
KS,Comanche County,5
CT,Tolland County,5
SC,York County,5
GA,Berrien County,5
MO,Newton County,5
NC,Caldwell County,5
VA,Charlottesville,4.9
AK,Southeast Fairbanks Census Area,4.9
AK,Ketchikan Gateway Borough,4.9
KS,Logan County,4.9
MS,DeSoto County,4.9
SD,Pennington County,4.9
MN,Norman County,4.9
SC,Dorchester County,4.9
NC,Yancey County,4.9
ND,Stark County,4.9
UT,Sevier County,4.9
OR,Harney County,4.9
NE,York County,4.9
NC,Columbus County,4.9
OK,Pottawatomie County,4.9
PA,Bucks County,4.9
OH,Ottawa County,4.9
SD,Jerauld County,4.9
GA,Newton County,4.9
SD,Minnehaha County,4.9
GA,Lumpkin County,4.9
MN,Dodge County,4.9
LA,Terrebonne Parish,4.9
WI,Sauk County,4.9
WI,Fond du Lac County,4.9
MD,Baltimore County,4.87112
NE,Sioux County,4.8
AR,Desha County,4.8
IL,McLean County,4.8
GA,Chattooga County,4.8
MS,Tippah County,4.8
UT,Wayne County,4.8
FL,Jackson County,4.8
SC,Oconee County,4.8
KS,Rawlins County,4.8
NC,Brunswick County,4.8
GA,Baker County,4.8
MI,Calhoun County,4.8
VA,Martinsville,4.8
MN,Scott County,4.8
PA,Montgomery County,4.8
KY,Jefferson County,4.8
WY,Johnson County,4.8
NE,Stanton County,4.8
NC,Washington County,4.8
OK,Pontotoc County,4.8
MT,Richland County,4.8
OH,Seneca County,4.8
MI,Ionia County,4.7
AK,Valdez-Cordova Census Area,4.7
LA,Grant Parish,4.7
GA,Madison County,4.7
NC,Pasquotank County,4.7
TN,Williamson County,4.7
AL,Madison County,4.7
MI,Kalamazoo County,4.7
NY,Tompkins County,4.7
IL,Putnam County,4.7
AR,Craighead County,4.7
GA,Calhoun County,4.7
OK,Hughes County,4.7
KY,Webster County,4.7
ND,Bowman County,4.7
NC,Avery County,4.7
NY,Orleans County,4.7
NC,Swain County,4.7
IL,Vermilion County,4.7
IA,Henry County,4.7
AK,Matanuska-Susitna Borough,4.7
KS,Jackson County,4.7
UT,Juab County,4.7
MD,Saint Mary's County,4.7
WI,Dodge County,4.6
NC,Mitchell County,4.6
GA,Richmond County,4.6
OK,Johnston County,4.6
WI,Green Lake County,4.6
NY,Onondaga County,4.6
WI,Waukesha County,4.6
OR,Columbia County,4.6
MS,Union County,4.6
NE,Webster County,4.6
OK,Pittsburg County,4.6
MD,Dorchester County,4.6
LA,Lafourche Parish,4.6
IL,Peoria County,4.6
UT,Rich County,4.6
GA,Oconee County,4.6
GA,Emanuel County,4.6
AL,Baldwin County,4.6
MI,Mason County,4.6
NE,Sheridan County,4.6
MO,Moniteau County,4.6
IN,Daviess County,4.6
OK,Seminole County,4.5
GA,Spalding County,4.5
LA,Lafayette Parish,4.5
IL,Livingston County,4.5
OR,Union County,4.5
WY,Lincoln County,4.5
NY,Columbia County,4.5
MN,Olmsted County,4.5
MI,Lapeer County,4.5
UT,Kane County,4.5
AL,Barbour County,4.5
KS,Dickinson County,4.5
OH,Paulding County,4.5
IN,Montgomery County,4.5
WA,Garfield County,4.5
GA,Turner County,4.5
OH,Butler County,4.5
NY,Rensselaer County,4.5
TN,Rhea County,4.5
IA,O'Brien County,4.5
OK,Payne County,4.5
NE,Garden County,4.5
NE,Thurston County,4.5
KS,Butler County,4.5
NC,Jones County,4.4
ID,Valley County,4.4
GA,Schley County,4.4
VA,Clarke County,4.4
TN,Unicoi County,4.4
KS,Morris County,4.4
SC,Laurens County,4.4
KS,Labette County,4.4
NC,Alexander County,4.4
IN,Adams County,4.4
SD,Aurora County,4.4
MI,Washtenaw County,4.4
CO,Mineral County,4.4
AR,Saint Francis County,4.4
VA,King George County,4.4
AL,Cullman County,4.4
TN,Sumner County,4.4
LA,Union Parish,4.4
MI,Clinton County,4.4
AR,Clark County,4.4
VA,Petersburg,4.4
VA,Roanoke County,4.34673
OK,Grant County,4.3
ID,Kootenai County,4.3
GA,Franklin County,4.3
KY,Meade County,4.3
MS,Jones County,4.3
NY,Ontario County,4.3
AK,Bristol Bay Borough,4.3
NE,Dawes County,4.3
IA,Cerro Gordo County,4.3
TX,Cass County,4.3
VA,Orange County,4.3
MN,Clay County,4.3
MI,Branch County,4.3
GA,Mitchell County,4.3
MO,Cass County,4.3
NC,Carteret County,4.3
IA,Webster County,4.3
AK,Skagway Municipality,4.3
MD,Washington County,4.3
MD,Kent County,4.3
TX,Sabine County,4.3
GA,Clinch County,4.2
VA,Caroline County,4.2
KY,Scott County,4.2
MT,Silver Bow County,4.2
TN,Haywood County,4.2
OK,Rogers County,4.2
SC,Kershaw County,4.2
MN,Nicollet County,4.2
VA,Lunenburg County,4.2
MN,Stevens County,4.2
AR,White County,4.2
NC,Person County,4.2
IL,Jackson County,4.2
WY,Sheridan County,4.2
RI,Kent County,4.2
ID,Boundary County,4.2
UT,Daggett County,4.2
WI,Clark County,4.2
GA,Jasper County,4.2
MD,Harford County,4.2
MS,Leake County,4.2
PA,Wayne County,4.2
WY,Weston County,4.2
WA,Ferry County,4.2
NC,Edgecombe County,4.2
IA,Black Hawk County,4.2
MN,Yellow Medicine County,4.2
AR,Saline County,4.2
ID,Bear Lake County,4.2
GA,Wilcox County,4.1
KY,Todd County,4.1
MD,Cecil County,4.1
MN,Carver County,4.1
MA,Berkshire County,4.1
WI,Outagamie County,4.1
ID,Latah County,4.1
TX,Marion County,4.1
AR,Faulkner County,4.1
MT,Lake County,4.1
GA,Macon County,4.1
SC,Cherokee County,4.1
MI,Leelanau County,4.1
ID,Oneida County,4.1
FL,Jefferson County,4.1
VA,Warren County,4.1
IN,Carroll County,4.1
PA,Carbon County,4.1
IA,Hardin County,4.1
MT,Golden Valley County,4.1
AL,Pickens County,4.1
NE,Banner County,4.1
OH,Williams County,4.1
NE,Gosper County,4.1
IA,Plymouth County,4.1
ID,Custer County,4.1
MT,Rosebud County,4.1
MN,Marshall County,4.1
NC,Rutherford County,4.1
MT,Cascade County,4.1
SD,Meade County,4.1
OH,Lake County,4
ID,Lewis County,4
KY,Boone County,4
TN,Coffee County,4
KY,Butler County,4
MO,Johnson County,4
MN,Anoka County,4
FL,Taylor County,4
VA,Nottoway County,4
KS,Greenwood County,4
WI,Monroe County,4
AR,Mississippi County,4
OK,Okfuskee County,4
IA,Humboldt County,4
WY,Hot Springs County,4
IN,Grant County,4
GA,Dawson County,4
KS,Chase County,4
VA,Portsmouth,4
OH,Erie County,4
AK,Kenai Peninsula Borough,4
AR,Conway County,4
WI,Calumet County,4
MN,Swift County,4
OK,Haskell County,4
MA,Norfolk County,4
AR,Lonoke County,4
GA,Taliaferro County,4
NE,Merrick County,4
NY,Wayne County,4
NC,Warren County,4
SD,Corson County,3.9
TN,Monroe County,3.9
OR,Baker County,3.9
NE,Fillmore County,3.9
OK,Coal County,3.9
LA,Iberia Parish,3.9
WI,Winnebago County,3.9
ND,Divide County,3.9
SC,Chesterfield County,3.9
NC,Stanly County,3.9
MS,Chickasaw County,3.9
SC,Hampton County,3.9
NE,Holt County,3.9
IA,Winnebago County,3.9
GA,Oglethorpe County,3.9
AK,North Slope Borough,3.9
AR,Calhoun County,3.9
NY,Broome County,3.9
WV,Berkeley County,3.9
WI,Adams County,3.9
LA,Tangipahoa Parish,3.9
GA,Wilkes County,3.9
GA,Walton County,3.9
IN,LaGrange County,3.9
KS,Franklin County,3.9
AL,Lee County,3.9
LA,East Baton Rouge Parish,3.9
TN,Knox County,3.9
IN,Shelby County,3.9
WI,Lafayette County,3.8
ND,Grand Forks County,3.8
NE,Hayes County,3.8
ND,Dunn County,3.8
KS,Sheridan County,3.8
KS,Elk County,3.8
TN,Obion County,3.8
FL,Nassau County,3.8
VA,Lexington,3.8
KS,Brown County,3.8
MO,St. Louis,3.8
FL,Bradford County,3.8
NC,Hertford County,3.8
ND,Sioux County,3.8
IN,Hamilton County,3.8
MN,Martin County,3.8
FL,Wakulla County,3.8
KS,McPherson County,3.8
MN,Washington County,3.8
KY,Washington County,3.8
PA,Erie County,3.8
LA,Sabine Parish,3.8
OH,Ashtabula County,3.8
AL,Jefferson County,3.8
OK,Sequoyah County,3.8
NE,Polk County,3.8
KY,Oldham County,3.8
MA,Franklin County,3.8
IL,Saint Clair County,3.8
ND,Kidder County,3.8
MI,Oakland County,3.8
SC,Sumter County,3.8
NY,Delaware County,3.7
SD,Todd County,3.7
AK,Denali Borough,3.7
IN,Madison County,3.7
WA,Jefferson County,3.7
SD,Moody County,3.7
FL,Dixie County,3.7
GA,Effingham County,3.7
GA,Ware County,3.7
OK,Choctaw County,3.7
GA,Troup County,3.7
NC,Currituck County,3.7
VA,Suffolk,3.7
MT,Beaverhead County,3.7
OK,Creek County,3.7
SD,Fall River County,3.7
MI,Sanilac County,3.7
GA,Webster County,3.7
MD,Somerset County,3.7
SD,Shannon County,3.7
ID,Nez Perce County,3.7
LA,Cameron Parish,3.7
ND,Pembina County,3.7
IL,Lawrence County,3.7
MI,Isabella County,3.7
SD,Butte County,3.7
OK,Okmulgee County,3.7
SD,Ziebach County,3.7
AL,Etowah County,3.7
CO,Hinsdale County,3.7
NC,Haywood County,3.7
MN,Brown County,3.7
NE,Perkins County,3.7
TN,Wilson County,3.7
GA,Bulloch County,3.7
KS,Barber County,3.6
AR,Lincoln County,3.6
LA,Beauregard Parish,3.6
MS,Hancock County,3.6
GA,Hart County,3.6
NC,Martin County,3.6
PA,Schuylkill County,3.6
TN,Madison County,3.6
AL,Geneva County,3.6
MA,Plymouth County,3.6
WA,Asotin County,3.6
VA,Northumberland County,3.6
ID,Clearwater County,3.6
TX,Newton County,3.6
NC,Caswell County,3.6
AR,Montgomery County,3.6
OK,Atoka County,3.6
MN,Murray County,3.6
VA,Essex County,3.6
KY,Russell County,3.6
GA,Irwin County,3.6
AR,Union County,3.6
ID,Boise County,3.6
WA,Pend Oreille County,3.6
WV,Hardy County,3.6
IN,Hendricks County,3.5
WI,Manitowoc County,3.5
WA,Stevens County,3.5
NC,Anson County,3.5
IA,Hancock County,3.5
NC,Pamlico County,3.5
FL,Washington County,3.5
MI,Cass County,3.5
IL,Bond County,3.5
MO,Greene County,3.5
TN,Jefferson County,3.5
KY,Trimble County,3.5
SD,Buffalo County,3.5
PA,Delaware County,3.5
AL,Calhoun County,3.5
MD,Worcester County,3.5
LA,Livingston Parish,3.5
GA,Charlton County,3.5
MD,Calvert County,3.5
IL,Stephenson County,3.5
KS,Cloud County,3.5
VA,Nelson County,3.5
NY,Otsego County,3.5
SC,Anderson County,3.5
NC,Watauga County,3.5
SD,Dewey County,3.5
IA,Montgomery County,3.5
OK,Delaware County,3.5
GA,Pulaski County,3.5
ID,Shoshone County,3.4
WA,Wahkiakum County,3.4
GA,Thomas County,3.4
IA,Lee County,3.4
PA,Cumberland County,3.4
ND,Dickey County,3.4
IL,Logan County,3.4
IL,Carroll County,3.4
KS,Wabaunsee County,3.4
MN,Pennington County,3.4
GA,Dodge County,3.4
TN,Sequatchie County,3.4
VA,Danville,3.4
IN,Starke County,3.4
MI,Jackson County,3.4
AL,Clay County,3.4
MI,Monroe County,3.4
VA,Rappahannock County,3.4
MI,Montcalm County,3.4
OK,Latimer County,3.4
AL,Montgomery County,3.4
NY,Livingston County,3.4
MT,Musselshell County,3.4
IN,Johnson County,3.4
OR,Grant County,3.4
MN,Meeker County,3.4
KS,Washington County,3.4
SC,Pickens County,3.4
MD,Queen Anne's County,3.4
SD,Bennett County,3.4
IA,Pocahontas County,3.4
AR,Nevada County,3.3
GA,Harris County,3.3
KS,Rush County,3.3
ID,Benewah County,3.3
OK,Noble County,3.3
SD,Jackson County,3.3
VA,Gloucester County,3.3
MT,Hill County,3.3
NY,Franklin County,3.3
MN,Jackson County,3.3
AK,Prince of Wales-Hyder Census Area,3.3
TN,McMinn County,3.3
NE,Hitchcock County,3.3
IL,Marshall County,3.3
WI,Jackson County,3.3
AL,Houston County,3.3
KY,Ohio County,3.3
KS,Allen County,3.3
IL,Johnson County,3.3
IN,Monroe County,3.3
VA,Lynchburg,3.3
OK,Osage County,3.3
SD,Hamlin County,3.3
NE,Jefferson County,3.3
AL,Tuscaloosa County,3.3
AR,Hot Spring County,3.3
VA,Norton,3.3
GA,Jefferson County,3.3
TN,Washington County,3.3
SD,Yankton County,3.3
AK,Yakutat City and Borough,3.3
MI,Tuscola County,3.3
MS,Marshall County,3.3
MT,Stillwater County,3.3
MT,Ravalli County,3.3
MN,Blue Earth County,3.2
IA,Clay County,3.2
KY,Martin County,3.2
GA,Crisp County,3.2
OK,Mayes County,3.2
MS,Forrest County,3.2
IA,Cherokee County,3.2
GA,Bibb County,3.2
SD,Union County,3.2
SC,Marlboro County,3.2
VA,Fluvanna County,3.2
ID,Adams County,3.2
NC,Transylvania County,3.2
LA,Vermilion Parish,3.2
VA,Salem,3.2
IN,Randolph County,3.2
NY,Wyoming County,3.2
KY,Henry County,3.2
IN,Steuben County,3.2
MO,Boone County,3.2
VA,Radford,3.2
MO,Warren County,3.2
NE,Furnas County,3.2
MI,Saint Clair County,3.2
OK,Craig County,3.2
OK,Pushmataha County,3.2
NC,Chowan County,3.2
MN,Mahnomen County,3.2
SC,Georgetown County,3.2
ND,Traill County,3.2
MI,Genesee County,3.2
SD,Lawrence County,3.2
AK,Lake and Peninsula Borough,3.2
SC,Calhoun County,3.2
KS,Marion County,3.2
KS,Graham County,3.2
NC,Graham County,3.2
GA,Union County,3.1
TN,Lincoln County,3.1
IL,Jo Daviess County,3.1
GA,Crawford County,3.1
NE,Cass County,3.1
MN,Goodhue County,3.1
AR,Little River County,3.1
KS,Miami County,3.1
MN,Stearns County,3.1
OH,Clark County,3.1
IL,Clinton County,3.1
PA,Northumberland County,3.1
KS,Kingman County,3.1
VA,King and Queen County,3.1
PA,Juniata County,3.1
LA,West Carroll Parish,3.1
SC,Colleton County,3.1
GA,Pickens County,3.1
KY,Monroe County,3.1
ND,Eddy County,3.1
AR,Van Buren County,3.1
MT,Missoula County,3.1
MT,Gallatin County,3.1
NY,Schoharie County,3.1
KS,Ottawa County,3.1
OK,Lincoln County,3.1
WA,Lincoln County,3.1
VA,Amelia County,3.1
TN,Dickson County,3.1
MS,Alcorn County,3.1
MO,Saint Charles County,3.1
KY,Larue County,3.1
GA,Butts County,3.1
IL,Madison County,3.1
IN,Howard County,3.1
MN,Otter Tail County,3.1
ID,Idaho County,3.1
IA,Story County,3.1
AK,Dillingham Census Area,3.1
AR,Miller County,3.1
NC,Cleveland County,3.1
MT,Deer Lodge County,3.1
NY,Seneca County,3.1
MA,Dukes County,3.1
SD,Deuel County,3.1
NY,Essex County,3.1
IL,Perry County,3.1
VA,Carroll County,3.1
TN,Dyer County,3.1
ID,Lemhi County,3.1
LA,Calcasieu Parish,3.1
GA,Burke County,3
ND,Slope County,3
WI,Waupaca County,3
WI,Washington County,3
SC,Clarendon County,3
NC,Clay County,3
MN,Wabasha County,3
MI,Manistee County,3
MT,Toole County,3
SD,Mellette County,3
TN,Blount County,3
IN,Jay County,3
KS,Chautauqua County,3
TN,Trousdale County,3
KY,Barren County,3
IA,Poweshiek County,3
MT,Custer County,3
VA,Grayson County,3
VA,Montgomery County,3
AR,Franklin County,3
KY,Boyle County,3
SD,Custer County,3
SD,McCook County,3
WI,Portage County,3
NE,Antelope County,3
MN,Red Lake County,3
GA,Stephens County,3
KY,Franklin County,3
MS,Pearl River County,3
NY,Genesee County,3
KS,Phillips County,3
RI,Washington County,3
AR,Arkansas County,3
MT,Lewis and Clark County,3
MD,Carroll County,3
GA,Morgan County,3
AR,Drew County,2.9
MN,Pine County,2.9
NY,Saratoga County,2.9
WI,Juneau County,2.9
KS,Atchison County,2.9
ND,Sargent County,2.9
GA,Seminole County,2.9
IA,Des Moines County,2.9
IN,Floyd County,2.9
AL,Jackson County,2.9
NY,Chemung County,2.9
AR,Jackson County,2.9
WI,Marquette County,2.9
KY,Jessamine County,2.9
MI,Shiawassee County,2.9
IL,Ford County,2.9
KY,Kenton County,2.9
GA,White County,2.9
IA,Clinton County,2.9
LA,Caldwell Parish,2.9
OH,Hamilton County,2.9
WI,Green County,2.9
NC,Scotland County,2.9
PA,Centre County,2.9
AL,Randolph County,2.9
PA,Clearfield County,2.9
IN,Pulaski County,2.9
IA,Jefferson County,2.9
WI,Columbia County,2.9
AL,Winston County,2.9
KY,Casey County,2.9
IA,Greene County,2.9
ID,Bonner County,2.9
MT,Madison County,2.9
NC,Stokes County,2.9
VA,Dinwiddie County,2.9
SC,Allendale County,2.9
IA,Linn County,2.9
GA,Treutlen County,2.9
TN,Decatur County,2.9
MN,Redwood County,2.9
IA,Page County,2.9
NE,Hamilton County,2.9
MO,Christian County,2.9
AR,Perry County,2.8
AL,Mobile County,2.8
IA,Sac County,2.8
VA,Patrick County,2.8
IA,Union County,2.8
OH,Allen County,2.8
GA,Catoosa County,2.8
LA,Rapides Parish,2.8
VA,Staunton,2.8
KY,Clinton County,2.8
NY,Clinton County,2.8
TN,Franklin County,2.8
KY,Logan County,2.8
MS,Copiah County,2.8
TN,Greene County,2.8
LA,Caddo Parish,2.8
MT,Lincoln County,2.8
KY,Clark County,2.8
SD,Grant County,2.8
VA,Floyd County,2.8
GA,McDuffie County,2.8
LA,De Soto Parish,2.8
OH,Van Wert County,2.8
KS,Doniphan County,2.8
KS,Wilson County,2.8
KS,Coffey County,2.8
NE,Butler County,2.8
NY,Cayuga County,2.8
NE,Cherry County,2.8
KY,Daviess County,2.8
MT,Mineral County,2.8
MS,Madison County,2.8
IN,Spencer County,2.8
VA,Charlotte County,2.8
SD,Clark County,2.8
SD,Hughes County,2.8
VA,Sussex County,2.8
NY,Fulton County,2.8
IL,Randolph County,2.8
MT,Park County,2.8
SD,Clay County,2.8
IN,Miami County,2.8
OR,Wallowa County,2.8
NC,Cherokee County,2.8
MI,Grand Traverse County,2.7
TN,Cumberland County,2.7
MT,Flathead County,2.7
ND,Golden Valley County,2.7
TN,Cheatham County,2.7
AR,Dallas County,2.7
MT,Dawson County,2.7
IL,McDonough County,2.7
TN,Grainger County,2.7
MN,Winona County,2.7
SC,Marion County,2.7
AR,Logan County,2.7
AL,Autauga County,2.7
UT,Morgan County,2.7
WI,Door County,2.7
MN,Wright County,2.7
ND,Morton County,2.7
OK,Nowata County,2.7
OH,Wyandot County,2.7
IA,Worth County,2.7
MO,Cole County,2.7
AL,Elmore County,2.7
AR,Columbia County,2.7
VA,Mecklenburg County,2.7
WI,Ozaukee County,2.7
IA,Lyon County,2.7
NC,Halifax County,2.7
KY,Wayne County,2.7
NC,Madison County,2.7
ND,Richland County,2.7
MT,Glacier County,2.7
IN,Wayne County,2.7
IN,DeKalb County,2.7
OH,Greene County,2.7
KS,Gove County,2.7
AR,Greene County,2.7
MT,Treasure County,2.7
VA,Isle of Wight County,2.7
KS,Osage County,2.7
GA,Wilkinson County,2.7
MO,Saint Louis County,2.7
FL,Holmes County,2.7
AR,Lee County,2.7
AR,Poinsett County,2.7
MA,Barnstable County,2.7
IL,Fulton County,2.7
LA,Lincoln Parish,2.7
NE,Burt County,2.7
LA,West Baton Rouge Parish,2.7
WI,Wood County,2.7
OK,Pawnee County,2.7
KS,Woodson County,2.7
VA,Franklin County,2.64744
WY,Niobrara County,2.6
GA,Dougherty County,2.6
AL,Henry County,2.6
LA,Iberville Parish,2.6
OH,Warren County,2.6
VA,Hanover County,2.6
IA,Decatur County,2.6
IN,Boone County,2.6
KY,Montgomery County,2.6
IA,Mills County,2.6
NC,Camden County,2.6
AL,Colbert County,2.6
MO,Adair County,2.6
AR,Cleburne County,2.6
MO,Audrain County,2.6
NE,Custer County,2.6
PA,Columbia County,2.6
MI,Missaukee County,2.6
VA,New Kent County,2.6
MO,Lafayette County,2.6
IN,Tipton County,2.6
IN,Vigo County,2.6
MS,Rankin County,2.6
MS,Tishomingo County,2.6
WI,Shawano County,2.6
GA,Terrell County,2.6
IA,Fremont County,2.6
GA,Lee County,2.6
NY,Niagara County,2.6
KS,Jefferson County,2.6
WI,Marathon County,2.6
IL,Massac County,2.6
NH,Rockingham County,2.6
AR,Grant County,2.6
WY,Crook County,2.6
NY,Cortland County,2.6
ND,McHenry County,2.6
TN,Smith County,2.6
KS,Clay County,2.6
GA,Towns County,2.6
GA,Bleckley County,2.6
KY,Calloway County,2.6
IN,Fountain County,2.6
NE,Knox County,2.6
OH,Montgomery County,2.6
LA,Assumption Parish,2.6
MI,Barry County,2.6
VA,Augusta County,2.5
MI,Lake County,2.5
MO,Camden County,2.5
NY,Washington County,2.5
NE,Washington County,2.5
AK,Haines Borough,2.5
GA,Upson County,2.5
TN,Gibson County,2.5
OK,McIntosh County,2.5
VA,Covington,2.5
MI,Midland County,2.5
IN,Vanderburgh County,2.5
AL,Marion County,2.5
IA,Warren County,2.5
MI,Macomb County,2.5
ND,Ramsey County,2.5
TN,Fayette County,2.5
GA,Laurens County,2.5
MT,Broadwater County,2.5
MT,Sanders County,2.5
KY,Grant County,2.5
ND,Oliver County,2.5
NE,Nuckolls County,2.5
MO,Phelps County,2.5
VA,Prince Edward County,2.5
SC,Dillon County,2.5
LA,Pointe Coupee Parish,2.5
MT,Wibaux County,2.5
SC,Barnwell County,2.5
MS,Tate County,2.5
VA,King William County,2.5
MO,Barton County,2.5
IA,Iowa County,2.5
ND,Mercer County,2.5
KY,Mercer County,2.5
LA,La Salle Parish,2.5
MN,Rock County,2.5
MS,Benton County,2.5
MS,Humphreys County,2.5
KS,Rooks County,2.5
MT,Roosevelt County,2.5
KS,Russell County,2.5
TN,Anderson County,2.5
MS,Lamar County,2.5
TN,Stewart County,2.5
VA,Louisa County,2.5
VA,Buena Vista,2.5
TN,Chester County,2.5
SD,Charles Mix County,2.5
LA,St. Martin Parish,2.5
SD,Brookings County,2.5
GA,Heard County,2.5
IN,Wells County,2.5
MS,Leflore County,2.5
SD,Brown County,2.5
MS,Lee County,2.5
MN,Sherburne County,2.5
IN,Jefferson County,2.5
NE,Nemaha County,2.5
AL,Cleburne County,2.5
LA,Evangeline Parish,2.5
TN,Tipton County,2.5
VA,Pittsylvania County,2.4
IA,Boone County,2.4
AL,Lauderdale County,2.4
KY,Carlisle County,2.4
NE,Howard County,2.4
KY,Marion County,2.4
OH,Delaware County,2.4
VA,Cumberland County,2.4
VA,Goochland County,2.4
IL,Williamson County,2.4
IA,Monroe County,2.4
WI,Richland County,2.4
SD,Sully County,2.4
WI,Barron County,2.4
OH,Marion County,2.4
SD,Sanborn County,2.4
KS,Jewell County,2.4
MS,Tunica County,2.4
TN,Carroll County,2.4
AL,Marengo County,2.4
SD,Lake County,2.4
SC,Florence County,2.4
IN,Wabash County,2.4
OH,Tuscarawas County,2.4
KY,Owen County,2.4
SD,Brule County,2.4
SD,Roberts County,2.4
RI,Bristol County,2.4
SD,Davison County,2.4
KY,Pulaski County,2.4
FL,Baker County,2.4
KY,McCreary County,2.4
KY,McCracken County,2.4
ND,Cass County,2.4
PA,Montour County,2.4
IA,Cass County,2.4
KS,Lincoln County,2.4
MT,Fergus County,2.4
WI,Ashland County,2.4
MN,Wilkin County,2.4
NC,Perquimans County,2.3
KY,Henderson County,2.3
MT,Jefferson County,2.3
IA,Chickasaw County,2.3
MT,Carbon County,2.3
AR,Boone County,2.3
MT,Powell County,2.3
KY,Garrard County,2.3
AL,Saint Clair County,2.3
GA,Monroe County,2.3
AL,Talladega County,2.3
LA,Jefferson Davis Parish,2.3
MI,Benzie County,2.3
AR,Crittenden County,2.3
AL,Walker County,2.3
WI,Saint Croix County,2.3
WI,Kewaunee County,2.3
SD,Kingsbury County,2.3
IL,De Witt County,2.3
IA,Shelby County,2.3
IA,Carroll County,2.3
MS,Lafayette County,2.3
ND,Hettinger County,2.3
SD,Jones County,2.3
NE,Seward County,2.3
IL,Jefferson County,2.3
TN,Lauderdale County,2.3
TN,Houston County,2.3
TN,Weakley County,2.3
ND,Renville County,2.3
AR,Marion County,2.3
KS,Marshall County,2.3
NY,Oswego County,2.3
IN,Jennings County,2.3
VA,Poquoson,2.3
SC,Williamsburg County,2.3
LA,East Carroll Parish,2.3
WI,Eau Claire County,2.3
AL,Tallapoosa County,2.3
TN,Henderson County,2.3
GA,Taylor County,2.3
MO,Ray County,2.3
NE,Frontier County,2.3
IL,Morgan County,2.3
IL,Coles County,2.3
NE,Nance County,2.3
IA,Floyd County,2.3
AL,Coosa County,2.3
KS,Cherokee County,2.3
KS,Linn County,2.3
KY,Madison County,2.3
MT,Blaine County,2.3
KS,Bourbon County,2.3
IA,Guthrie County,2.3
MO,Saint Clair County,2.3
SD,Lyman County,2.3
TN,Henry County,2.3
GA,Johnson County,2.2
MO,Laclede County,2.2
TN,Benton County,2.2
AL,Pike County,2.2
MO,Pike County,2.2
IL,Sangamon County,2.2
NE,Valley County,2.2
NE,Thayer County,2.2
NY,Warren County,2.2
MO,Texas County,2.2
SD,Spink County,2.2
AK,Wrangell City and Borough,2.2
LA,Acadia Parish,2.2
SD,Turner County,2.2
NY,Yates County,2.2
IL,Tazewell County,2.2
KY,Taylor County,2.2
NY,Saint Lawrence County,2.2
MT,Sheridan County,2.2
MT,Valley County,2.2
MO,Scott County,2.2
PA,Snyder County,2.2
GA,Washington County,2.2
NE,Saunders County,2.2
NH,Strafford County,2.2
LA,Ouachita Parish,2.2
MI,Livingston County,2.2
MO,Pemiscot County,2.2
GA,Meriwether County,2.2
VA,Amherst County,2.2
SD,Bon Homme County,2.2
LA,Natchitoches Parish,2.2
MO,Harrison County,2.2
AR,Cleveland County,2.2
MO,Lincoln County,2.2
AR,Monroe County,2.2
MO,Cape Girardeau County,2.2
TN,Bledsoe County,2.2
TN,Lewis County,2.2
VA,Campbell County,2.2
MO,Andrew County,2.2
VA,Middlesex County,2.2
IA,Dubuque County,2.2
AL,Lawrence County,2.2
MS,Lauderdale County,2.2
ND,Benson County,2.2
GA,Lamar County,2.2
GA,Early County,2.2
VT,Addison County,2.2
MS,George County,2.2
TN,Perry County,2.2
NE,Greeley County,2.2
IA,Fayette County,2.2
TN,Cocke County,2.2
MO,Bates County,2.2
MT,Chouteau County,2.2
NE,Loup County,2.2
MS,Bolivar County,2.2
NH,Grafton County,2.2
VT,Chittenden County,2.2
IL,Crawford County,2.2
AR,Ouachita County,2.2
TN,Hickman County,2.1
MT,Granite County,2.1
IL,Alexander County,2.1
NY,Chenango County,2.1
VA,Madison County,2.1
MO,Clinton County,2.1
LA,Allen Parish,2.1
AK,Northwest Arctic Borough,2.1
SD,Miner County,2.1
VT,Windham County,2.1
MS,Covington County,2.1
GA,Worth County,2.1
MT,Prairie County,2.1
GA,Talbot County,2.1
OH,Fairfield County,2.1
GA,Randolph County,2.1
NE,Logan County,2.1
ND,Stutsman County,2.1
AL,Escambia County,2.1
VA,Buckingham County,2.1
TN,Giles County,2.1
SC,Lee County,2.1
MO,Madison County,2.1
GA,Baldwin County,2.1
KY,Nicholas County,2.1
ND,Burke County,2.1
VA,Brunswick County,2.1
IA,Winneshiek County,2.1
VA,Greensville County,2.1
KY,Nelson County,2.1
IL,Macon County,2.1
MO,Polk County,2.1
VA,Mathews County,2.1
AR,Searcy County,2.1
MI,Hillsdale County,2.1
TN,White County,2.1
SD,Harding County,2.1
NE,Harlan County,2.1
MI,Iosco County,2.1
KY,Harrison County,2.1
WI,Sawyer County,2.1
AR,Sharp County,2.1
LA,Richland Parish,2.1
NE,Rock County,2.1
IA,Palo Alto County,2.1
MO,Henry County,2.1
IN,Delaware County,2.1
NY,Herkimer County,2.1
ND,McIntosh County,2.1
MO,Perry County,2.1
GA,Dade County,2.1
MO,Cedar County,2.1
LA,Washington Parish,2.1
MI,Mecosta County,2.1
IN,Huntington County,2.1
AL,Bibb County,2.1
NE,Gage County,2.1
SC,Orangeburg County,2.1
MT,Phillips County,2.1
MI,Huron County,2.1
IL,Mercer County,2.1
ND,McLean County,2.1
SD,Day County,2.1
IN,Hancock County,2.1
GA,Brantley County,2.1
PA,McKean County,2.1
MT,Powder River County,2
MS,Neshoba County,2
GA,McIntosh County,2
WV,Monongalia County,2
MO,Stone County,2
NE,Boyd County,2
NY,Cattaraugus County,2
NC,Gates County,2
GA,Walker County,2
GA,Miller County,2
ND,Bottineau County,2
MO,Mississippi County,2
IA,Ringgold County,2
KS,Mitchell County,2
WI,Forest County,2
TN,McNairy County,2
MN,Benton County,2
VA,Bedford County,2
MO,Vernon County,2
IN,Whitley County,2
IA,Monona County,2
KY,Clay County,2
MN,Beltrami County,2
KS,Decatur County,2
IA,Kossuth County,2
MI,Antrim County,2
KS,Trego County,2
MO,Caldwell County,2
IA,Calhoun County,2
MO,Callaway County,2
MN,Kittson County,2
TN,Hardin County,2
AL,Chambers County,2
MT,Sweet Grass County,2
MO,DeKalb County,2
IA,Ida County,2
SD,Hutchinson County,2
SC,Darlington County,2
KY,Simpson County,2
MT,Daniels County,2
AK,Yukon-Koyukuk Census Area,2
TN,Humphreys County,2
MO,Howell County,2
AR,Lafayette County,2
NY,Madison County,2
AR,Baxter County,2
PA,Lycoming County,2
GA,Fannin County,2
ND,Nelson County,2
AK,Nome Census Area,2
NC,Northampton County,2
MO,Grundy County,2
MS,Warren County,2
MI,Ogemaw County,2
MS,Attala County,2
VA,Powhatan County,2
TN,Lake County,2
MN,Lac qui Parle County,2
LA,St. Landry Parish,1.9
IA,Jasper County,1.9
TN,Jackson County,1.9
MO,Carter County,1.9
TN,Lawrence County,1.9
ND,Burleigh County,1.9
WI,Buffalo County,1.9
MI,Clare County,1.9
ME,Cumberland County,1.9
MO,Randolph County,1.9
WI,Vilas County,1.9
LA,Winn Parish,1.9
SC,Fairfield County,1.9
MI,Arenac County,1.9
AR,Randolph County,1.9
VA,Halifax County,1.9
IL,Pope County,1.9
WI,Pierce County,1.9
SD,Potter County,1.9
IL,Gallatin County,1.9
SD,Codington County,1.9
WI,Langlade County,1.9
MS,Lawrence County,1.9
OH,Summit County,1.9
IL,Pulaski County,1.9
ND,Ransom County,1.9
IA,Mahaska County,1.9
MN,Lincoln County,1.9
IN,Putnam County,1.9
MO,Linn County,1.9
MO,Webster County,1.9
AR,Izard County,1.9
MN,Grant County,1.9
KY,Adair County,1.9
OH,Medina County,1.9
AR,Cross County,1.9
LA,Tensas Parish,1.9
NE,Sherman County,1.9
PA,Allegheny County,1.9
MO,Morgan County,1.9
NE,Franklin County,1.9
KY,Allen County,1.9
VA,Page County,1.9
AR,Jefferson County,1.9
MI,Kalkaska County,1.9
TN,Clay County,1.9
VT,Washington County,1.9
NE,Richardson County,1.9
MN,Traverse County,1.9
OH,Fayette County,1.9
TN,Moore County,1.9
SC,Bamberg County,1.9
MS,Lowndes County,1.9
IA,Marion County,1.9
MN,Chisago County,1.9
MN,Cook County,1.9
IL,Effingham County,1.9
MO,Miller County,1.9
NH,Merrimack County,1.9
OH,Stark County,1.9
IA,Clayton County,1.9
GA,Twiggs County,1.9
PA,Sullivan County,1.8
MI,Chippewa County,1.8
ND,Billings County,1.8
VA,Smyth County,1.8
VT,Bennington County,1.8
IL,Marion County,1.8
TN,Johnson County,1.8
LA,Webster Parish,1.8
AR,Newton County,1.8
LA,Avoyelles Parish,1.8
SC,Chester County,1.8
MN,Mille Lacs County,1.8
IL,Schuyler County,1.8
WI,Dunn County,1.8
IN,Scott County,1.8
IN,Knox County,1.8
KY,Campbell County,1.8
MI,Crawford County,1.8
TN,Cannon County,1.8
MS,Walthall County,1.8
IN,Harrison County,1.8
MO,Crawford County,1.8
MO,Shannon County,1.8
MO,Jefferson County,1.8
ME,Washington County,1.8
KY,Spencer County,1.8
IN,Decatur County,1.8
MN,Isanti County,1.8
MT,Meagher County,1.8
PA,Huntingdon County,1.8
KY,Union County,1.8
IA,Cedar County,1.8
KY,Hopkins County,1.8
VA,Bath County,1.8
MI,Wexford County,1.8
WV,Summers County,1.8
AL,Conecuh County,1.8
SD,Walworth County,1.8
SD,Lincoln County,1.8
AR,Clay County,1.8
IN,Sullivan County,1.8
PA,Wyoming County,1.8
OH,Mercer County,1.8
MS,Panola County,1.8
NE,Pawnee County,1.8
AR,Stone County,1.8
MI,Charlevoix County,1.8
AK,Bethel Census Area,1.8
OH,Athens County,1.8
MT,Pondera County,1.8
VT,Grand Isle County,1.8
MO,Livingston County,1.8
KS,Osborne County,1.8
WI,Iowa County,1.8
MO,Benton County,1.8
MN,Hubbard County,1.8
PA,Susquehanna County,1.8
MO,Dallas County,1.8
VA,Lee County,1.8
IL,Woodford County,1.8
TN,Wayne County,1.8
MN,Becker County,1.8
OH,Wayne County,1.8
MO,Dade County,1.8
WI,Taylor County,1.8
NY,Tioga County,1.7
KS,Smith County,1.7
OH,Clermont County,1.7
IL,Saline County,1.7
GA,Hancock County,1.7
IN,Warrick County,1.7
WI,Polk County,1.7
MT,Judith Basin County,1.7
LA,Madison Parish,1.7
TN,Polk County,1.7
OH,Richland County,1.7
MT,Fallon County,1.7
OH,Madison County,1.7
MS,Sharkey County,1.7
NC,Bertie County,1.7
KY,Hart County,1.7
VA,Bristol,1.7
IA,Dickinson County,1.7
TN,Carter County,1.7
MI,Menominee County,1.7
MN,Cass County,1.7
MO,Iron County,1.7
MI,Iron County,1.7
AL,Crenshaw County,1.7
TN,Roane County,1.7
MO,Franklin County,1.7
IA,Adair County,1.7
NE,Thomas County,1.7
NH,Cheshire County,1.7
MN,Wadena County,1.7
WI,La Crosse County,1.7
TN,Sullivan County,1.7
IL,Montgomery County,1.7
NY,Schuyler County,1.7
WI,Oconto County,1.7
IN,Switzerland County,1.7
MS,Newton County,1.7
KY,Trigg County,1.7
KS,Nemaha County,1.7
NE,Boone County,1.7
SD,Tripp County,1.7
GA,Screven County,1.7
WI,Rusk County,1.7
TN,Marion County,1.7
PA,Perry County,1.7
TN,Meigs County,1.7
NY,Lewis County,1.7
MO,Butler County,1.7
KY,Bullitt County,1.7
OH,Licking County,1.7
ME,York County,1.7
NH,Coos County,1.7
IN,Ripley County,1.7
MS,Stone County,1.7
MS,Oktibbeha County,1.7
MO,Stoddard County,1.7
AR,Phillips County,1.7
VA,Surry County,1.7
VA,Charles City County,1.7
IA,Wayne County,1.7
ME,Androscoggin County,1.7
MN,Carlton County,1.7
IL,Fayette County,1.7
MO,Wright County,1.7
MS,Yalobusha County,1.7
KS,Anderson County,1.7
MO,Ozark County,1.7
MN,Kanabec County,1.7
LA,St. James Parish,1.7
MT,Wheatland County,1.7
MO,New Madrid County,1.6
SD,McPherson County,1.6
VA,Giles County,1.6
NY,Steuben County,1.6
SD,Hyde County,1.6
IL,Hardin County,1.6
OH,Clinton County,1.6
WI,Chippewa County,1.6
NE,Pierce County,1.6
TN,Hardeman County,1.6
IN,Gibson County,1.6
MI,Emmet County,1.6
MS,Hinds County,1.6
OH,Trumbull County,1.6
IN,Henry County,1.6
WI,Vernon County,1.6
MO,Cooper County,1.6
SD,Edmunds County,1.6
WI,Washburn County,1.6
IL,Christian County,1.6
IL,Franklin County,1.6
AL,Covington County,1.6
LA,St. Helena Parish,1.6
MN,Clearwater County,1.6
LA,West Feliciana Parish,1.6
MO,Shelby County,1.6
LA,Bienville Parish,1.6
VA,Rockbridge County,1.6
NY,Allegany County,1.6
IA,Jones County,1.6
WI,Price County,1.6
IA,Keokuk County,1.6
KY,Bracken County,1.6
MO,Marion County,1.6
ND,Barnes County,1.6
MI,Mackinac County,1.6
KY,Lyon County,1.6
IN,Brown County,1.6
OH,Portage County,1.6
MI,Osceola County,1.6
WI,Burnett County,1.6
VT,Lamoille County,1.6
VA,Lancaster County,1.6
IL,Monroe County,1.6
LA,Red River Parish,1.6
OH,Shelby County,1.6
NH,Belknap County,1.6
KY,Metcalfe County,1.6
IL,Washington County,1.6
MS,Simpson County,1.6
MO,Montgomery County,1.6
GA,Pike County,1.6
IL,Hamilton County,1.6
KY,Boyd County,1.6
WV,Harrison County,1.6
IN,Lawrence County,1.6
IN,Blackford County,1.6
NE,McPherson County,1.6
ND,Rolette County,1.6
MO,Lewis County,1.6
MD,Allegany County,1.6
WI,Bayfield County,1.5
WV,Raleigh County,1.5
IA,Appanoose County,1.5
MS,Sunflower County,1.5
MN,Morrison County,1.5
KY,Rowan County,1.5
WI,Lincoln County,1.5
AL,Macon County,1.5
KY,Livingston County,1.5
NE,Grant County,1.5
KY,Lincoln County,1.5
KS,Republic County,1.5
IL,Richland County,1.5
IL,Wabash County,1.5
KY,Fulton County,1.5
KY,Mason County,1.5
VA,Botetourt County,1.5
MO,Nodaway County,1.5
IL,Clay County,1.5
OH,Miami County,1.5
MO,Reynolds County,1.5
IA,Madison County,1.5
MI,Roscommon County,1.5
AR,Woodruff County,1.5
OH,Columbiana County,1.5
MI,Marquette County,1.5
PA,Bradford County,1.5
GA,Glascock County,1.5
WI,Marinette County,1.5
OH,Auglaize County,1.5
PA,Washington County,1.5
WV,Pocahontas County,1.5
TN,Union County,1.5
KY,Caldwell County,1.5
OH,Union County,1.5
AL,Cherokee County,1.5
VT,Caledonia County,1.5
SD,Perkins County,1.5
PA,Cambria County,1.5
OH,Hardin County,1.5
GA,Jones County,1.5
MI,Otsego County,1.5
MO,Daviess County,1.5
OH,Darke County,1.5
IL,Henderson County,1.5
LA,Jackson Parish,1.5
MI,Alcona County,1.5
TN,Pickett County,1.5
NE,Cedar County,1.5
VA,Highland County,1.5
MS,Smith County,1.5
MN,Lake of the Woods County,1.5
KY,Anderson County,1.5
SD,Haakon County,1.5
ME,Sagadahoc County,1.5
ME,Kennebec County,1.5
MN,Lake County,1.5
MN,Saint Louis County,1.5
MS,Coahoma County,1.5
OH,Crawford County,1.5
OH,Champaign County,1.5
IL,Hancock County,1.5
VA,Pulaski County,1.5
MS,Wayne County,1.5
NH,Sullivan County,1.5
OH,Knox County,1.4
MO,Howard County,1.4
TN,Hawkins County,1.4
IA,Buchanan County,1.4
AL,Lamar County,1.4
IL,Menard County,1.4
MN,Douglas County,1.4
MS,Itawamba County,1.4
LA,Franklin Parish,1.4
IN,Washington County,1.4
ME,Piscataquis County,1.4
KY,Muhlenberg County,1.4
SD,Gregory County,1.4
MI,Oscoda County,1.4
IN,Union County,1.4
PA,Somerset County,1.4
PA,Beaver County,1.4
PA,Clinton County,1.4
VT,Windsor County,1.4
AL,Washington County,1.4
MI,Baraga County,1.4
ND,Pierce County,1.4
OH,Morrow County,1.4
GA,Quitman County,1.4
MO,Saint Francois County,1.4
MS,Marion County,1.4
MO,Oregon County,1.4
KY,Grayson County,1.4
WI,Douglas County,1.4
WI,Oneida County,1.4
MO,Dent County,1.4
WI,Grant County,1.4
KY,Hancock County,1.4
NY,Hamilton County,1.4
MI,Cheboygan County,1.4
IL,Clark County,1.4
MI,Houghton County,1.4
MO,Putnam County,1.4
MI,Dickinson County,1.4
OH,Logan County,1.4
VA,Alleghany County,1.4
OH,Geauga County,1.4
MO,Gasconade County,1.4
VA,Washington County,1.4
IN,Crawford County,1.4
IA,Harrison County,1.4
OH,Jefferson County,1.4
NH,Carroll County,1.4
MT,McCone County,1.4
MS,Clay County,1.4
IL,Adams County,1.4
WI,Pepin County,1.4
IN,Rush County,1.4
LA,East Feliciana Parish,1.4
MN,Crow Wing County,1.4
GA,Haralson County,1.4
KY,Green County,1.4
WV,Greenbrier County,1.4
MI,Luce County,1.4
PA,Greene County,1.4
IN,Warren County,1.4
AL,Fayette County,1.4
MO,Wayne County,1.4
WV,Cabell County,1.4
KY,Laurel County,1.4
SD,Campbell County,1.4
SD,Stanley County,1.4
IL,Jasper County,1.4
MO,Hickory County,1.4
PA,Indiana County,1.4
IA,Howard County,1.4
NE,Hooker County,1.4
IA,Bremer County,1.4
LA,Claiborne Parish,1.4
IN,Morgan County,1.4
VT,Franklin County,1.4
MT,Teton County,1.4
KY,Marshall County,1.4
MS,Carroll County,1.3
ME,Hancock County,1.3
MN,Koochiching County,1.3
ND,Steele County,1.3
MO,Carroll County,1.3
MS,Perry County,1.3
MI,Alpena County,1.3
MS,Washington County,1.3
ND,Sheridan County,1.3
TN,Van Buren County,1.3
LA,Catahoula Parish,1.3
KY,Bath County,1.3
GA,Lincoln County,1.3
KY,Powell County,1.3
VT,Orleans County,1.3
MS,Webster County,1.3
KY,Breckinridge County,1.3
IN,Clay County,1.3
IN,Owen County,1.3
WV,Hampshire County,1.3
IA,Van Buren County,1.3
KY,Ballard County,1.3
AL,Clarke County,1.3
MI,Alger County,1.3
IL,Wayne County,1.3
PA,Butler County,1.3
MO,Washington County,1.3
MS,Choctaw County,1.3
MO,Atchison County,1.3
IA,Benton County,1.3
MO,Worth County,1.3
AL,Hale County,1.3
IL,White County,1.3
IN,Greene County,1.3
MN,Itasca County,1.3
VT,Orange County,1.3
IN,Orange County,1.3
KY,Fleming County,1.3
IA,Jackson County,1.3
VT,Rutland County,1.3
IL,Jersey County,1.3
MS,Prentiss County,1.3
SD,Douglas County,1.3
IL,Moultrie County,1.3
VT,Essex County,1.3
MI,Montmorency County,1.3
KY,McLean County,1.3
PA,Tioga County,1.3
VA,Scott County,1.3
TN,Fentress County,1.3
WV,Grant County,1.3
IA,Lucas County,1.3
PA,Mifflin County,1.3
AR,Lawrence County,1.3
MI,Gladwin County,1.3
IN,Pike County,1.3
MS,Pike County,1.3
PA,Mercer County,1.3
NE,Garfield County,1.3
OH,Pickaway County,1.3
IN,Perry County,1.3
AL,Perry County,1.3
ME,Penobscot County,1.3
VA,Southampton County,1.3
IN,Parke County,1.3
MO,Macon County,1.3
TN,Overton County,1.3
PA,Fulton County,1.2
ME,Franklin County,1.2
MO,Ripley County,1.2
SC,McCormick County,1.2
ME,Knox County,1.2
MS,Winston County,1.2
NE,Brown County,1.2
OH,Scioto County,1.2
MO,Monroe County,1.2
IL,Pike County,1.2
IA,Davis County,1.2
WV,Morgan County,1.2
ND,Adams County,1.2
IA,Mitchell County,1.2
VA,Appomattox County,1.2
ME,Oxford County,1.2
MT,Carter County,1.2
AL,Butler County,1.2
SD,Hand County,1.2
IL,Scott County,1.2
KY,Hickman County,1.2
KY,Carter County,1.2
OH,Carroll County,1.2
WV,Hancock County,1.2
MS,Jasper County,1.2
MS,Jefferson Davis County,1.2
TN,Campbell County,1.2
VA,Wise County,1.2
SC,Abbeville County,1.2
MN,Aitkin County,1.2
MT,Petroleum County,1.2
KY,Pendleton County,1.2
MN,Pope County,1.2
OH,Ashland County,1.2
AR,Prairie County,1.2
IN,Ohio County,1.2
MI,Presque Isle County,1.2
MO,Knox County,1.2
TN,Morgan County,1.2
MO,Ralls County,1.2
LA,Morehouse Parish,1.2
MS,Montgomery County,1.2
AL,Monroe County,1.2
PA,Blair County,1.2
WV,Marion County,1.2
AL,Lowndes County,1.2
PA,Lawrence County,1.2
IN,Dearborn County,1.2
MI,Gogebic County,1.2
IL,Edwards County,1.2
LA,Concordia Parish,1.2
MS,Claiborne County,1.2
MT,Garfield County,1.2
OH,Gallia County,1.2
MN,Fillmore County,1.2
MO,Douglas County,1.2
AR,Fulton County,1.2
MS,Grenada County,1.2
WV,Upshur County,1.2
SC,Union County,1.2
IA,Grundy County,1.2
ND,Foster County,1.2
PA,Crawford County,1.2
IA,Adams County,1.1
MI,Delta County,1.1
IN,Posey County,1.1
WV,Kanawha County,1.1
AK,Wade Hampton Census Area,1.1
MO,Schuyler County,1.1
IL,Piatt County,1.1
ND,LaMoure County,1.1
MS,Noxubee County,1.1
MS,Clarke County,1.1
ND,Emmons County,1.1
MN,Big Stone County,1.1
KY,Lee County,1.1
IA,Audubon County,1.1
KY,Cumberland County,1.1
KY,Knox County,1.1
WV,Putnam County,1.1
PA,Fayette County,1.1
IA,Delaware County,1.1
OH,Ross County,1.1
MN,Roseau County,1.1
IL,Mason County,1.1
MO,Maries County,1.1
VA,Russell County,1.1
MS,Monroe County,1.1
PA,Bedford County,1.1
WI,Crawford County,1.1
MS,Lincoln County,1.1
PA,Westmoreland County,1.1
IN,Franklin County,1.1
IN,Vermillion County,1.1
ME,Waldo County,1.1
WV,Fayette County,1.1
PA,Venango County,1.1
SD,Faulk County,1.1
IL,Stark County,1.1
KY,Greenup County,1.1
GA,Warren County,1.1
VA,Wythe County,1.1
ND,Cavalier County,1.1
WV,Pendleton County,1.1
AL,Sumter County,1.1
OH,Washington County,1.1
PA,Potter County,1.1
HI,Kalawao County,1.1
WV,Calhoun County,1.1
IL,Calhoun County,1.1
WV,Ohio County,1.1
TN,Grundy County,1.1
TN,Claiborne County,1.1
MI,Ontonagon County,1.1
ME,Aroostook County,1.1
ND,Wells County,1.1
GA,Clay County,1.1
IA,Butler County,1.1
KY,Bell County,1
WV,Marshall County,1
MO,Gentry County,1
MD,Garrett County,1
ME,Somerset County,1
MO,Mercer County,1
KY,Robertson County,1
MO,Holt County,1
WV,Mercer County,1
VA,Craig County,1
KY,Whitley County,1
KY,Owsley County,1
AL,Wilcox County,1
WI,Florence County,1
MS,Amite County,1
MO,Ste. Genevieve County,1
KY,Menifee County,1
MO,Chariton County,1
OH,Guernsey County,1
WV,Lewis County,1
KY,Elliott County,1
MI,Keweenaw County,1
IL,Cumberland County,1
ND,Grant County,1
WV,Wood County,1
OH,Muskingum County,1
WI,Iron County,1
ME,Lincoln County,1
AL,Dallas County,1
KY,Edmonson County,1
IL,Macoupin County,1
MS,Greene County,1
OH,Jackson County,1
IL,Edgar County,1
IL,Shelby County,1
MS,Quitman County,1
IL,Greene County,1
AL,Greene County,1
OH,Coshocton County,0.9
OH,Lawrence County,0.9
KY,Estill County,0.9
WV,Mineral County,0.9
VA,Dickenson County,0.9
OH,Belmont County,0.9
WV,Preston County,0.9
NE,Wheeler County,0.9
MO,Scotland County,0.9
MI,Schoolcraft County,0.9
MS,Holmes County,0.9
OH,Holmes County,0.9
WV,Logan County,0.9
WV,Roane County,0.9
PA,Warren County,0.9
OH,Hocking County,0.9
MS,Issaquena County,0.9
WV,Pleasants County,0.9
ND,Logan County,0.9
IN,Fayette County,0.9
OH,Highland County,0.9
KY,Crittenden County,0.9
WV,Taylor County,0.9
VA,Tazewell County,0.9
MO,Bollinger County,0.9
OH,Pike County,0.9
KY,Morgan County,0.8
KY,Breathitt County,0.8
PA,Jefferson County,0.8
WV,Barbour County,0.8
MS,Kemper County,0.8
ND,Towner County,0.8
PA,Elk County,0.8
KY,Knott County,0.8
WV,Brooke County,0.8
OH,Adams County,0.8
MS,Franklin County,0.8
KY,Perry County,0.8
KY,Rockcastle County,0.8
KY,Harlan County,0.8
OH,Harrison County,0.8
WV,Tucker County,0.8
ND,Griggs County,0.8
WV,Monroe County,0.8
WV,Randolph County,0.8
OH,Brown County,0.8
AL,Choctaw County,0.8
WV,Jackson County,0.8
MN,Houston County,0.8
SD,Hanson County,0.8
MO,Clark County,0.8
OH,Perry County,0.8
IN,Martin County,0.8
KY,Magoffin County,0.8
KY,Pike County,0.8
OH,Morgan County,0.8
KY,Wolfe County,0.7
WV,Wirt County,0.7
WV,Ritchie County,0.7
OH,Vinton County,0.7
KY,Floyd County,0.7
WV,Doddridge County,0.7
WV,Wetzel County,0.7
WV,Lincoln County,0.7
KY,Lawrence County,0.7
KY,Jackson County,0.7
TN,Scott County,0.7
PA,Clarion County,0.7
WV,Nicholas County,0.7
OH,Preble County,0.7
WV,Tyler County,0.7
WV,Wayne County,0.7
PA,Cameron County,0.7
KY,Johnson County,0.7
KY,Lewis County,0.7
PA,Armstrong County,0.7
MT,Liberty County,0.7
WV,Braxton County,0.7
MO,Osage County,0.7
KY,Letcher County,0.7
MS,Wilkinson County,0.7
VA,Bland County,0.7
NE,Keya Paha County,0.6
WV,McDowell County,0.6
WV,Mason County,0.6
OH,Noble County,0.6
WV,Mingo County,0.6
WV,Webster County,0.6
VA,Buchanan County,0.6
WV,Wyoming County,0.5
OH,Monroe County,0.5
OH,Meigs County,0.5
WV,Clay County,0.5
WV,Boone County,0.5
MS,Jefferson County,0.5
KY,Leslie County,0.4
TN,Hancock County,0.4
NE,Blaine County,0.2
